RegionID,RegionName,City,State,Metro,CountyName,SizeRank,2008-01,2008-02,2008-03,2008-04,2008-05,2008-06,2008-07,2008-08,2008-09,2008-10,2008-11,2008-12,2009-01,2009-02,2009-03,2009-04,2009-05,2009-06,2009-07,2009-08,2009-09,2009-10,2009-11,2009-12,2010-01,2010-02,2010-03,2010-04,2010-05,2010-06,2010-07,2010-08,2010-09,2010-10,2010-11,2010-12,2011-01,2011-02,2011-03,2011-04,2011-05,2011-06,2011-07,2011-08,2011-09,2011-10,2011-11,2011-12,2012-01,2012-02,2012-03,2012-04,2012-05,2012-06,2012-07,2012-08,2012-09,2012-10,2012-11,2012-12,2013-01,2013-02,2013-03,2013-04,2013-05,2013-06,2013-07,2013-08,2013-09,2013-10,2013-11,2013-12,2014-01,2014-02,2014-03,2014-04,2014-05,2014-06,2014-07,2014-08,2014-09,2014-10,2014-11,2014-12,2015-01,2015-02,2015-03,2015-04,2015-05,2015-06,2015-07,2015-08,2015-09,2015-10,2015-11,2015-12,2016-01,2016-02,2016-03,2016-04,2016-05,2016-06,2016-07,2016-08,2016-09,2016-10,2016-11,2016-12,2017-01,2017-02,2017-03,2017-04,2017-05,2017-06,2017-07,2017-08,2017-09,2017-10,2017-11,2017-12,2018-01,2018-02,2018-03,2018-04,2018-05,2018-06,2018-07,2018-08,2018-09,2018-10,2018-11,2018-12,2019-01,2019-02,2019-03,2019-04,2019-05,2019-06,2019-07,2019-08,2019-09,2019-10,2019-11
269381,Midtown,Atlanta,GA,Atlanta-Sandy Springs-Roswell,Fulton County,625,,248261,248622,247908.6667,247724.6667,246566,246168,245424,245660.3333,244976,242682.3333,239442.3333,236037.6667,233508.6667,230723.6667,228119.6667,225538.3333,222954.3333,221038,219218.3333,218275.3333,216534,215257,213506.3333,211510,209344.6667,207656.6667,207751.6667,207456.3333,207053.6667,205030,203542.3333,201611.6667,200058.3333,198240.6667,197645.3333,196809.3333,196153.6667,193363,191370.6667,188727.6667,187400,186259,185690.3333,186251.6667,186963,186385.6667,184171,181490.3333,180437.3333,180178.6667,180081.3333,179875.3333,180652.3333,181645.3333,183239.6667,183945.6667,184704.6667,186138,187602.3333,190395.6667,192589.3333,195947.3333,198600.3333,201813.6667,205117.3333,209224,212774,214905.6667,216401.6667,218232,221279,224409.3333,227233.3333,228535.3333,229543.3333,230147.3333,231302.3333,232620.6667,234059.3333,234966.6667,235450,235849.3333,237018.3333,238817.3333,240677.6667,243320.3333,246518,250040,252955.6667,253840.3333,254392.3333,254684,256432.3333,259176.6667,261016.3333,262965.3333,264558.3333,267628,270025.3333,271644.6667,272257.3333,272391.3333,272617,271476,272883,274432.3333,278203.3333,281252.3333,284433.3333,287266.6667,288110.6667,288819.3333,289339.3333,290581.3333,292405.3333,295439.3333,297916.6667,299922.6667,301731.6667,304822.3333,307911.3333,310237,312009,314376.3333,317479.6667,320290.6667,321636.3333,323248.6667,324420.6667,326217,326658,326297.3333,325033,323806.6667,323659.3333,324523,323603,323833,323225.6667,323535.3333,322920.3333,323293.3333
269306,Downtown,Atlanta,GA,Atlanta-Sandy Springs-Roswell,Fulton County,768,,,,,,,,,,,,,,,,,,,,,,,,,,,,,,,,,,,,,,,,,,,150372,149032,147669.3333,145061.3333,142290.3333,139717.3333,137233.3333,135685.6667,134447.6667,133637.3333,132225,132193.6667,132047,132943.6667,133116,133988,134543.6667,135118.3333,135267.3333,135162.3333,135306,136372.3333,138088,140047,141732.3333,143152.3333,144376.6667,145802.6667,147920.6667,150192.6667,152160.3333,153721,154560.3333,155348,156422.3333,157460.3333,158867,159737,160562.6667,160700.6667,161402.6667,162159.6667,163686,164928.3333,166886.6667,169014.3333,170908.6667,172692,173363.3333,174302.6667,175118,175979.3333,177353.3333,177747.6667,179484,181031,184054,186000.6667,187571,188187,188627.6667,188927.3333,188822.3333,188889,188721,189942.6667,191690,194464.3333,196345,197106.3333,197293.6667,197262.6667,197783,198572.6667,200591,202836.6667,204289.3333,205687,207575.6667,209612,211297.3333,212403.3333,214556,216974.6667,219659,221496.6667,223356.3333,225269.6667,227130.6667,228651,228504.3333,228006,226810.3333,227057,227584.3333,227064.6667,227711.3333,227968.6667,229033.6667,228908,228871.6667
269397,Old Fourth Ward,Atlanta,GA,Atlanta-Sandy Springs-Roswell,Fulton County,1078,,185717,186053,185862,185704.6667,184705.3333,183145,181245.3333,179941,178315.6667,175735,172628.3333,169929.6667,168377,166451,163874,161556,160335.3333,161474.3333,162090,162854,162907.6667,162739,162163.6667,160983.3333,160230.6667,159598,160029,160241,159516,157333,155821.3333,155068.6667,154917.3333,153960,152825.3333,151097.3333,149778.6667,148608.3333,148244.6667,147836.3333,147468.3333,147079.3333,147262.3333,147995.6667,149521,150555.3333,150501.3333,149706,150079.6667,150938,151585.3333,151153.3333,151398,152294.6667,152931.3333,153236,153139,154392,156025.6667,158712,160211.3333,161398,162248.3333,163576.3333,165597,168063,171319.6667,174348.3333,176724,179301,182292.6667,185411.6667,187744.3333,189213,190732,192395.6667,194792.3333,197324.6667,199603.3333,200816.3333,201617.3333,202726,204587.6667,206508.6667,207876.6667,209732.3333,212360.3333,215991.6667,219375,221291.6667,222602.3333,223302.3333,223491.6667,224585,225290,227817.3333,230110.3333,233938.6667,237223.6667,239621.6667,240956.6667,241295,242258.6667,241657.6667,243637.6667,245397.6667,249766.3333,252704,256344.3333,259311.3333,261806,263946.3333,266507.3333,269407.6667,272631.3333,276403.3333,279754,282180.6667,284456,287686.3333,291394.6667,294411,296875.3333,299593.6667,302874.3333,305469,307267.3333,309094.6667,311097.6667,313222.6667,314548.3333,315948,316329.6667,316850.6667,317479,319434,319190,319578,318651.3333,318556.3333,317628.3333,317833.3333
269391,North Buckhead,Atlanta,GA,Atlanta-Sandy Springs-Roswell,Fulton County,1520,,411817,411400.5,410679.3333,409556,408636,407957,407605.3333,407215,406793,404417.3333,399857.6667,392950,385974.6667,378946.6667,372811.6667,368431.3333,366015.6667,363671,360878.6667,358582,356473.6667,354801.6667,352606.6667,349541,347132.6667,345069.6667,346518,346814.3333,346514.3333,343412,341494.3333,339906,339617.3333,338094.6667,337856,337701,338292.3333,336203,333065.3333,329175,327343.6667,327018,326800.3333,326379.6667,325760.3333,325235,323376.3333,321297.3333,319961,320391.6667,321886.6667,324058.3333,326916,329609.6667,332828,334437.3333,335631,337770.3333,341016,345701.6667,349131,353488,357311,361653.6667,365728.6667,371112.3333,376423.6667,379994,382705,385170.3333,390548,395908,401756.6667,404417.6667,406549.3333,407456.3333,408512.3333,410827.6667,412906.6667,414739.6667,415914.6667,417447.3333,420747.3333,424241.6667,426836.3333,430965.6667,434803,440164.3333,444675,447178.3333,448564.3333,449284.6667,450026.6667,452189.6667,452058.3333,453816,455271.6667,459574.6667,463649.6667,466028.3333,466132.6667,465056,464612.3333,466167,471227,476783.6667,481919,485012.6667,487868.6667,490528.6667,491381.3333,492807.3333,494163,496376,498249.6667,501841.6667,504378,505876.6667,506842.3333,509352.3333,513818.3333,516939,519027.3333,519246,520163.6667,521246.6667,521726,521695.3333,521381.3333,521883,521985.3333,523335.3333,522829,522992.3333,522516,523720.6667,521601,520473.6667,518953.3333,519252,517990.6667,516967.3333
274592,Morningside - Lenox Park,Atlanta,GA,Atlanta-Sandy Springs-Roswell,Fulton County,1528,541799,538163.5,536413.6667,531800.3333,529808.6667,529874.6667,532691.3333,535378.6667,535738.6667,534926.3333,531139.6667,525398.6667,519174,514494,510068.3333,504107,500278.3333,501116.3333,502997.6667,505479.6667,506656.3333,509027.3333,509764.3333,509050.6667,508195,508345.3333,508569,507904.6667,505682,502723.6667,499094,495550,490106.6667,483433,477070.6667,473009.6667,473319.3333,473988,474080.6667,471864,469827.6667,469345.3333,470300,471940,474170.3333,476527,480266.6667,482930,483015.6667,482209.3333,482245.6667,486555.3333,489429.6667,493427.3333,495482,497877,499655.6667,501094.3333,503613.6667,505723,507775.6667,510620.3333,515949.3333,523216.6667,529001.6667,534016,540104.6667,549720,558926,566108.3333,570698.6667,577637,586174,595575.3333,601321.6667,604902.3333,607150,609635,613735.6667,617053.6667,616933.6667,615014,612824.3333,615676,620377.6667,623657.3333,627780,632351.6667,640595.6667,647933,652574.3333,654017.3333,654775,657629.3333,664860,670413.3333,675865.6667,679509,684951,689357.6667,691310,690230.6667,686219.6667,683282,684789.6667,693391,704023,712324.6667,718867,726008,732295,737323,742088.6667,746439,752596.6667,758177,767466.6667,772786.3333,778030,783674.3333,786371,788464.6667,787624.6667,791005.6667,792313.3333,793227.3333,792490,791225.3333,791096,792106.3333,794834.3333,797786.6667,799731.6667,800728.6667,802836,805537.6667,810673.6667,809325.3333,807839,804352.6667,806092.6667,808553,809337
403405,Pine Hills,Atlanta,GA,Atlanta-Sandy Springs-Roswell,Fulton County,1727,235980,234544.5,233774,232039,231310.3333,231294.6667,231588,231557,230530.6667,228189.6667,224794.6667,220436.6667,217251.3333,215851,214478.3333,212873.3333,209906.3333,207939,206026.3333,204213.6667,203625.6667,202847.6667,203029,202052,200471,198514.6667,197594,197724,197570.3333,196108.3333,193589,191803,190793.6667,191301.6667,190473.6667,190539,189297,188761.3333,185690.6667,183819.3333,182636.3333,182913.3333,182383.6667,181474,179937,178841,177135.6667,175390,173277,171459,170408,170002.6667,170372.6667,171368,172943.6667,174694,176158,177408.6667,179365.3333,181382.3333,183381,184131,184977,185911.3333,186697.6667,187922,189677.6667,191719,192918,193890,195302,197680.6667,200024,202865.6667,204772.6667,206304.3333,207058,207944.3333,209747,212126.6667,213263.6667,213639,213224,214797.6667,216510,218702.3333,221512.3333,224803.3333,228242,230898,232034,232431.6667,232518.6667,233546.3333,235834,236929,238256.6667,239126,241175.3333,242394.6667,242932.3333,242603.3333,242513.6667,242479.6667,243442.6667,245736.3333,248681.6667,251884.3333,255508,258509,261126,261993.6667,262963.6667,264144.6667,265470.6667,267283,269735.3333,271732,273131,274050.3333,275722.6667,277988.6667,279995.6667,281513,283066.3333,284768.3333,286888.6667,288376,290333,291583.3333,292910.3333,293196.3333,294453.6667,295015.6667,296255.6667,296883,298386.6667,297463.6667,297340.6667,296626.3333,296969.3333,296577,296854.3333
269345,Home Park,Atlanta,GA,Atlanta-Sandy Springs-Roswell,Fulton County,1908,,284173,283732.5,283172.6667,281913,278402,275190.3333,273056.6667,274455.3333,277145.3333,279758,281908.6667,282887.3333,282408.3333,280627.6667,278441,277638,278585.3333,279321,277706.6667,274971.6667,273916,274943,276055.6667,277239.3333,280197,283571.6667,285185.3333,282443.3333,278839,275807.6667,274842.3333,272718.6667,270029.3333,267584.6667,266940.6667,265139,261692.3333,256759.3333,252820.3333,250388,250750.3333,250765.3333,251477.6667,251309,253477.3333,254839,254341.3333,251277.6667,248822.3333,248348.6667,250127,252518,254778.6667,257071,259100.3333,258560.6667,255820.3333,251434,248850.6667,249573.6667,251950.6667,254649,255536.6667,256188.3333,256978.3333,259365.3333,262326,265561.6667,267628.3333,269734.6667,272986.6667,276357.6667,279421,278857.3333,278807.3333,278336.3333,279695.3333,279984,279797.6667,280595.3333,281274.3333,281953.6667,282020.6667,283743,287254.6667,291337.6667,294628,297482,300510.6667,302017.6667,301977.6667,302307.6667,301212.3333,301497.3333,300586.6667,302667.6667,304743,308039,310978.6667,314087,315392.3333,316890.3333,319125,320704,322309,323464.6667,326411.6667,329809.3333,331584.3333,333396,334090.3333,335860.6667,337282.3333,338189,339300.3333,342007.3333,345684,350259,353927.3333,354917.3333,354906.3333,356234.3333,359724,362071.3333,364439.6667,366049.6667,369914.3333,373319.6667,376983.6667,377968.6667,377039.6667,376007.3333,374912.6667,375336.3333,376791,380820.6667,381947.3333,384377,382963.3333,382160.6667,380166.6667,379618.6667
275890,Virginia Highland,Atlanta,GA,Atlanta-Sandy Springs-Roswell,Fulton County,1995,444256,444199.5,443855.6667,441807.6667,440703.6667,440487.6667,442097,443898,444473.6667,443503.6667,439217,434093,430288,427394.6667,423557,420003,416346.6667,415803.3333,414285.3333,415092.3333,416941.6667,419839.6667,420722.6667,418070,414225,411580.6667,411295.3333,413844,415484.6667,415625.6667,412540.6667,410451.6667,406346.3333,402187.6667,397534.6667,396330.6667,397008.3333,398676.3333,397965.3333,396094,394239.6667,393410.3333,392860.6667,391134.6667,389266.6667,388310,389576.3333,391555,391876.3333,390533,389497.6667,390972.3333,391714,395170.6667,399388.3333,404689.3333,407427.6667,407999,410178,413279,415681,418843.3333,423150.3333,429021.6667,433009.6667,437532,443475,450166.6667,457205.3333,462898.6667,468192,473536.3333,478691.3333,484999.3333,488423.6667,491644.3333,494063.3333,496845,501192,504013,504862,504558.6667,504952,508129.6667,512564.3333,515955.3333,520551.3333,525079.3333,531241.6667,535926.6667,538071,539598,542422.3333,547063,553490.3333,557751.3333,562407.6667,565968,570690.6667,574093.3333,576571.6667,577113.6667,577732.3333,577586,580160,586231,594505.3333,602687.3333,609700.3333,616780.3333,622643.6667,625733.3333,629414.3333,632101,635949.6667,638950,644980.3333,650829.6667,655767.6667,660552.6667,662987,664610.3333,665700,669743.6667,674328.6667,678845.3333,680754.6667,681439.3333,682484.6667,685797,689745.3333,691437,696615.6667,700385.6667,707743.6667,710032,715704,714611.6667,715960.3333,716138.3333,718322.6667,718534.6667,716664.6667
129705,Kirkwood,Atlanta,GA,Atlanta-Sandy Springs-Roswell,Fulton County,2147,,,,,,,,,,,,,,,,,,,,,,,,,,,,,,,,,,,,,,,,,,,,,,,,,,,,,,,,,,,,,,,,270930,273500.5,274425.6667,277396.3333,280495,284081.6667,286604.6667,289164.3333,291356,294711.3333,297448,302361.6667,307263,311489,314347.3333,315544.3333,316229.3333,317101.6667,317894,318089.3333,318892,321079.3333,324660.3333,326863,329997.3333,333864,338783.6667,342653.6667,346799.6667,349132,350302.3333,350549.6667,352452.6667,353842,354862.6667,355165.6667,356160,355653.6667,355332.3333,355650.3333,358003.6667,360909.6667,365975.6667,370350.3333,371790.6667,371146.6667,369904.3333,370791.6667,371705.3333,374841.3333,378321.3333,383642.6667,385941.6667,389936.6667,393273.6667,399428,405838.6667,412858.6667,418173,420750,419929.3333,419971.6667,420369,422610,423994.3333,425020.3333,426797,428116.6667,429495.6667,429738.6667,432010,433986.6667,437098.6667,437327,438438.3333,437821.6667,438697,438003.3333,437238.3333,435879.6667
399508,Georgia Tech,Atlanta,GA,Atlanta-Sandy Springs-Roswell,Fulton County,2582,,,,,,,,,,,,,,,,,,,,,,,,,,,,,,,,,,,,,,,,,,,,,,,,,,,,,,,,,,,,,,,,,,,,,,,,,,,,,,,,,,,,,,,,,,,,,,,,,,,,,,,,,,245827,243838,242753.3333,242149.3333,243406.3333,243909.6667,243910.3333,243165,244213.6667,244291.6667,245564,247774.3333,250287,253370,255504.6667,257253,257736.3333,258830.3333,261602.3333,264689,267353,269537.6667,271685.6667,273055,273628,274472.3333,275534,276341.3333,276171.6667,276588.6667,276161,276602.6667,276027.6667,277473,277789.3333,277939.6667,278684.3333,279480.3333
403406,Lindbergh,Atlanta,GA,Atlanta-Sandy Springs-Roswell,Fulton County,2882,,,,,,,,,,,,,,,,,,,,,,,,,,,,,,,,,,,,,,,,,,,,,,,,,,,,,,,,,,,,,,,,,,,,164274,164461,164480.3333,164702,165294.3333,165840.6667,166367.3333,166725.3333,167973.3333,169689,171852.6667,173758.6667,175376.3333,176383.3333,177189,177991.3333,179227,180296,181605.3333,183411.6667,185904.6667,188228,189626.3333,189858.3333,190231,191107.6667,192866.6667,195071.6667,196292.3333,197799.6667,199675.6667,202287.6667,204594,205939.3333,207513.3333,209367.3333,211624,213607.3333,216028.6667,218113.6667,220572.3333,222248,223756,224162.6667,224265.6667,224590,226081.3333,228017.6667,230303.6667,232858,235915,238534.6667,241232.3333,243405.6667,246033.6667,248131.6667,249902.3333,251571.6667,253503.6667,255630,257417.3333,258954.3333,259760.6667,260786,261268.3333,262960,263573,264648.6667,264506.3333,265042,264281.3333,264510.3333,264453,265127.3333,264939,264867
274926,Ormewood Park,Atlanta,GA,Atlanta-Sandy Springs-Roswell,Fulton County,3069,268850,266338.5,264704.6667,261876.3333,261864,261874.3333,261636,260728,260710.6667,259958.3333,257307,253168.6667,250054.6667,248276.6667,247380.3333,246149,245358.3333,245933.3333,247604,248260.3333,248568.6667,248141.6667,248365.6667,248143.3333,248127,249328.3333,249413,250047.3333,248203.3333,246134.6667,242575.3333,240401.3333,239776.6667,240629.3333,241102.3333,241218.6667,239947.6667,239693.6667,239516.3333,238706,236452.3333,235438,236108.3333,236113.6667,236384.3333,236993.3333,237356.3333,234480.3333,230467.3333,228356.3333,228912.6667,231159.3333,233285,233341,232372,233003,234775,235065,234839,236217,240361.3333,243217.3333,244704,244601.6667,245506,247985.3333,252574,257584,259988.6667,261598.6667,262458,265277,267537,268998.6667,267689.3333,266345.6667,264725,264519.3333,264033,264165.6667,264060.6667,263808,263286.3333,263878.6667,266623.6667,269855,274411.6667,277687,281712.3333,285407.6667,288027.6667,289648.3333,289652,291089.3333,294269.3333,297655,302286.6667,305676.3333,309647.6667,313003,315741,318384.6667,319774,321700,322836.6667,325693.6667,329270.6667,334751.3333,337470.6667,340793.3333,343284.6667,347545.3333,350141.3333,352699.6667,354604.3333,357764.3333,361255,365878,370845,375706.3333,377231.3333,377165.6667,377412.3333,381020.6667,386417,390828.3333,394277,395280.3333,397622.6667,399336,402635,404791,408427.3333,409975,411661,410383.3333,409934.6667,406908,406673,406044,406097.6667,404815,403574.6667
128368,East Atlanta,Atlanta,GA,Atlanta-Sandy Springs-Roswell,Fulton County,3127,,,,,,,,,,,,,,,,,,,,,,,,,,,,,,,,,,,,,,,,,,,,,,,,,,,,,,,,,,,,,,,,,,,,,,,,,,,,,,,,,,,,,,,,,,,,,,,,,,,,,,,,,,,318715,317687,316131,313182.6667,311112.3333,311272.3333,314048,317409.3333,320609.6667,324313.6667,329148.3333,334681,339538.6667,344483,349818,354223.6667,357108.3333,357523.3333,357868.3333,357950.6667,360309.6667,361739,363636.6667,364114,364691.3333,364438.3333,364544.3333,367213.6667,370723.6667,374316.3333,375053.6667,375384.6667,373525.3333,372068,369026.3333,366772.6667,364930.6667
273604,Edgewood,Atlanta,GA,Atlanta-Sandy Springs-Roswell,Fulton County,3542,,,,,,,,,,,,,,,,,,,,,,,,,,,,,,,,,,,,,,,,,,,,,,,,,,,,,,,,,,,,,,,,,,,,,,,,,,,,,,,,,,,,,,,,,,,,,,,,,,,,,,,,,,,318410,317137,316479.6667,315353.6667,315499.3333,317912,321591,325239.6667,327650.3333,328739.6667,330821.3333,333488.3333,337434.6667,342079.6667,347364.6667,351512.6667,354337.6667,354533.3333,356556.6667,358997.6667,363655.3333,367019.3333,370345.6667,372688.6667,373533.3333,373374.3333,372273,373894.3333,376066,378810.3333,378472.3333,377649.6667,375769.6667,376391,375697.3333,375018.6667,373765
403426,Lindridge - Martin Manor,Atlanta,GA,Atlanta-Sandy Springs-Roswell,Fulton County,3551,,333218,331914,331295,329629.3333,330797.6667,330899.6667,332198.3333,332333.3333,331697.3333,328764.3333,323443.3333,318375.6667,314928.3333,310886.3333,306704.6667,304412,303904.6667,304619.3333,303066,302653.6667,305113.6667,306630.6667,305856.3333,302349.3333,300255,300727.3333,301909.3333,301955.3333,300040.6667,296265.6667,293078.3333,288833.6667,286954.3333,284835.3333,284675,284832.3333,283914.6667,283318.6667,281070,279916.3333,277619.3333,275321,272633,270742.6667,269568.6667,269267,268267.3333,265642.3333,264205.3333,263716,265904.3333,266046.6667,267052,267111,268875,270934.6667,271914,273651.3333,275357.6667,280602.3333,284187,287079,287915,289418.6667,290739.6667,293931,297569.3333,300873.3333,302359.6667,303214.3333,305803,308134.6667,310719,310807,311794.6667,313214,315346.6667,318186.6667,320648,322190.6667,323124,324974,329626,333267,335681,337742.3333,340395.3333,344856,348430,349872.6667,349068.6667,347590.6667,348424.3333,351665.6667,353147.6667,354439,355693.3333,359482,362677,365340.3333,367032.3333,369302.6667,370964.6667,372057.6667,373556.3333,374960.3333,378909.6667,382909,387066,390218,392196.3333,393398,394003,395989.3333,398730.3333,403682,406335.3333,409348.3333,410952,412845,413818.3333,413951,415096.3333,415536.6667,417179.6667,418787.6667,421915.6667,424289.6667,424764.3333,423584.3333,422031,421751.3333,421993.3333,422920.3333,423895,424832.3333,423766.6667,423488.6667,423068.6667,424154.3333,424058.3333,424489.6667
269325,Garden Hills,Atlanta,GA,Atlanta-Sandy Springs-Roswell,Fulton County,3560,494721,489433.5,487269,483918.3333,485173.3333,486458,488739.6667,488509,486659,482959.3333,477783.3333,472121.6667,465009,458391.6667,452864.3333,447425,442668.3333,440141.3333,437849.3333,437116,436300,437125.6667,437223.3333,435775,432520.3333,430040,428919,430422.3333,431899.6667,431983.6667,429293.6667,427723.6667,427343.3333,428195.6667,427665,428173.3333,430120,432274.3333,430228.6667,426598.3333,422053,419828.3333,418045,417536.6667,419066,420059,420629.6667,418097.6667,414671.6667,411824.3333,408518.6667,408899.3333,410032,415954.6667,421219.6667,425824,427196,426293.3333,427380,429573.3333,433982.6667,438630,445330,452793.6667,458131.3333,462551.6667,466378.3333,471453.3333,476351.3333,481503.6667,486184.6667,491307.6667,496330.3333,503218,507941.3333,510678.6667,510751.6667,511487.6667,514242.6667,517333.6667,519420,521797.6667,523558.6667,527419.3333,529964,532377.6667,536626.6667,542647.6667,550649.6667,557287,561305.3333,562447.6667,563340.6667,565695.3333,571386.3333,574184.3333,577030.6667,579771.3333,585666,589597,590982,590372,589298.6667,589116.3333,586072,588758.6667,591683.3333,598650.3333,604658.3333,610443.6667,616260.3333,617330.3333,618977.3333,618118.3333,618609.6667,618831.3333,622361.6667,624680.3333,626572.6667,628893.3333,632106.3333,635760,637115.3333,637637.6667,637396,637246,638096,638817,641289.3333,641879.3333,642146,641627,643433,644863.3333,645968.6667,645568.6667,646199,642092,641016,639536,640745.3333,639183,638496.3333
272817,Inman Park,Atlanta,GA,Atlanta-Sandy Springs-Roswell,Fulton County,3645,,346507,348136.5,346549,346307,344319.6667,344189,342322,341284.6667,340033.6667,338307.6667,335068.6667,330101.6667,325056,318846.6667,313705.3333,307661,304075,301512,300492.6667,300912.6667,301509,302009.6667,300145.3333,298159.6667,297292.3333,297584,299783,301765.3333,302622.6667,299998.6667,298764,299353.3333,302643.6667,304274,306389.6667,307641.3333,309550.3333,310457.3333,311890.3333,313765.3333,314941.3333,314515.6667,311769,308588,306926.6667,307524.6667,307771.3333,307411.3333,306822.3333,308053.3333,309664.3333,311222.3333,313827.6667,316664.3333,319926,319749,319121.6667,318995,320859.6667,323858,325581.3333,328237,330213.6667,332763.3333,335479.3333,339499.6667,343741.6667,346925.3333,348699.6667,350298.3333,353825,358556.6667,364325.3333,366450,368279,369130.6667,373276.6667,378315.3333,383327,384873.3333,385112,384642.3333,387388.3333,391073.3333,394940.6667,398983.6667,402498.3333,406309.3333,408731.3333,409398.6667,410516.3333,413144.6667,415718,419656.6667,419699.3333,421538.6667,423724.6667,428532.3333,432567.3333,434699.6667,437073.6667,438801.3333,440583,442175,445372.3333,448992,455679,464443.3333,472877,478983.6667,482671.6667,486338,489557.3333,494130,500042,507878.3333,512645,516055.6667,518287,519268.3333,520839,521639,524416.3333,527949.3333,531913.6667,535270,537486,540261.3333,544055,546601,547598.6667,546579,544792,543933.3333,543619.6667,544802.6667,541977.6667,541632.6667,540271,540281.3333,537790.6667,535940.6667
269406,Peachtree Heights West,Atlanta,GA,Atlanta-Sandy Springs-Roswell,Fulton County,3693,,277349,276474,276505,277017.3333,277753,277771,276842.3333,276304.3333,274516.3333,271849.3333,268022.3333,265124.3333,263007.6667,261079.3333,258514.3333,255450.3333,253159.3333,251603.3333,250319.3333,249391.3333,249655.3333,251010.3333,251191,249615.3333,247076.3333,246258.3333,246148.6667,245816.6667,244740.6667,243231,242525.3333,241272.6667,239829.3333,238186.3333,237693,236507.6667,235745.6667,232343,230116,225240.3333,222333.3333,220848.3333,222084,222795.6667,222016.3333,219386.6667,216618.3333,213631.3333,211636.6667,209833.3333,209158,209026,210804,212273.3333,213377.6667,212603.3333,212331.6667,212103.6667,212158,211692,212369.3333,213888.3333,216598,219039.3333,221763,224335.6667,226880.3333,227568,227494.6667,227720.3333,230799.6667,234891.6667,237995,240018.6667,241274.6667,243750.3333,245616.3333,248520,250920,251956.6667,252618.3333,252746.3333,254607.6667,256576.6667,259097.3333,261974.6667,264991,268824.3333,271237,271934,271049.3333,271398,273389,276773,278795,280666.6667,281935,285575,288034.6667,289905.6667,289193,288189.6667,287594.3333,289011,292808.3333,295999,299778.6667,303085,306523,309188,310592.3333,312110.6667,313291,313537.6667,314276,316184,318625,320503,320787.3333,322631.6667,324491,325607.6667,325288.3333,325288.3333,327513,330109,331020,332727,333077,334807.3333,334326,335447,335142,335397.6667,335354,336572,334957.3333,334127.3333,332721,333307,333035.6667,333718
269447,Underwood Hills,Atlanta,GA,Atlanta-Sandy Springs-Roswell,Fulton County,3846,271677,270007.5,269187.6667,267908.6667,268049.3333,268182.6667,268104.6667,267370.6667,266871,266473.6667,264645.6667,261423,257104.3333,253433,249238,244933,240645.6667,239305.3333,238783,239075.3333,238564,237866,236985,235422,233568.6667,232856.3333,233150,235028.6667,234309,231917.3333,227850,226381.3333,225934,225963.3333,224431.6667,222633.6667,220238,218930,216474.6667,214048.6667,210876.6667,208778.3333,207443,205405,202539.3333,199677.6667,196777,194976.3333,194129,194647,195727.6667,195893.3333,197350.6667,198634.3333,199741,199395.3333,198126,196961,195917,195951.6667,197042.3333,198381.6667,200060.6667,201378.6667,203409.3333,205778,209559.3333,213308.6667,217349.6667,220099,222609,225209,228178.3333,230506.3333,231869.3333,232637.6667,232815,232864,233626,235087.6667,235400.3333,234931.3333,234922.6667,236356.6667,238436.3333,240574.6667,243314,246605.3333,250704,254542.3333,256552,257192,258135.3333,260865,265526.3333,268349.6667,270752,272406.3333,275219,277233.3333,277648.6667,277059,276345.3333,276550,278046.3333,281153.3333,284862.3333,289177.6667,293819.3333,297779.3333,300564.3333,302086,303961.3333,306990.3333,310255.6667,313839.6667,316924,319270.6667,321794,324653,328166,331000,333341.6667,335691.6667,337907.6667,340230.3333,341354.6667,342200.3333,344421.3333,346893.6667,349664.3333,350759,349972,348427.3333,347852,349829.3333,352867,352465,352725.6667,351809,351402.6667,349490.3333,347936.3333
269285,Candler Park,Atlanta,GA,Atlanta-Sandy Springs-Roswell,Fulton County,3903,,,,,,,,,,,,,,,,,,,,,,,,,,,,,,,,,,,,,,,,,,,,,,,,,,,,,,,,,,,,,,,,,,,,,,,,,,,415234,416674.5,418060.3333,420082.3333,421452.6667,422269.3333,424530.6667,426215,427492,427724.3333,428637.6667,428667.3333,429082,428689.6667,431392.3333,434005,439733.6667,445660.3333,449047.6667,449541.3333,449273.6667,452110.6667,454346.3333,456267,459572.3333,466418.6667,471155.3333,473153.6667,471051,469070,467454.6667,468499.6667,471950.3333,473116.6667,473647.6667,471948,469601.6667,467200.3333,466770.6667,469355,473085.3333,474812.6667,479050.6667,483448.3333,489799.6667,496100.6667,502099.3333,507704.3333,510541,511087.6667,511899.6667,513967.3333,516683.6667,519700,521451.3333,524177,524298.3333,524486.3333,525293.6667,530088.6667,536502.6667,541508,541841,540924.6667,539631.6667,540865,541739.3333,543104.6667,543686.3333
128381,East Lake,Atlanta,GA,Atlanta-Sandy Springs-Roswell,Fulton County,4169,,,,,,,,,,,,,,,,,,,,,,,,,,,,,,,,,,,,,,,,,,,,,,,,,,,,,,,,,,,,,,,,,,,,,,,,,,,,,,,,,,,,,,,,,,,,,,,,,,,,,,,,,,,341807,339361,338240.6667,337544.6667,338667.6667,342139.3333,345511,350054,355726.3333,361210.6667,367144.6667,371695.3333,376598.6667,382506,387825.3333,391701.3333,395302,396673.6667,400297,402132.6667,405414.3333,405927,407271,408444.6667,411258.3333,413550.6667,416844,420031.6667,421667.6667,423121,422678.6667,422905.3333,420501.3333,421220,420372.3333,420916.3333,418698
269298,Chastain Park,Atlanta,GA,Atlanta-Sandy Springs-Roswell,Fulton County,4436,,935199,934233,937085.3333,941282.3333,946911,947462.6667,948091.3333,947608.3333,946455.6667,940055.6667,929025.6667,916071,903120,887462,870325.3333,854062.6667,847641,845000.6667,845043.6667,846014.3333,848029.6667,846757,840008.6667,830433.6667,824735,822389.3333,825063,826429,824559,819107.3333,815603.3333,810220.3333,805520.3333,797062.6667,794283,792235.6667,793142.6667,792036.6667,791342,789616.6667,790209.6667,793103,793456.3333,794796,795943,799474.6667,797364.3333,796462.3333,798481.3333,804617.3333,811645.3333,815948.6667,817460.6667,816149,817198,820264.6667,823015,826237.6667,830627.3333,840504,849181.3333,861060.6667,868768,873570.6667,879564.3333,889212.3333,904525.6667,911143.3333,916561,920245,931250.3333,938153.6667,946051.3333,948180.3333,952361.3333,956671.6667,963216.6667,969953.3333,975005.6667,980632.6667,987306,992462,997638,999287.3333,1002389,1008390.333,1018527,1029940.333,1041340.667,1050743,1056051.333,1058955.333,1055845.667,1061421.667,1064780.333,1072544.333,1075197.667,1077208.667,1079491.667,1082303.333,1085665.667,1089899,1089186.667,1088516.333,1090019.333,1093742,1100387,1103049,1104380.333,1105720.667,1107988.333,1112851,1115230.667,1117472,1121885.333,1129256.333,1136645.333,1142646.667,1148713.333,1153255,1156098.667,1157797.667,1164094.667,1173371.667,1181323.667,1186885,1187678.667,1190991.667,1195527.667,1203822.667,1211745.333,1228801.333,1243168.333,1259594.667,1260449,1264654.333,1256285.333,1253838.667,1251708.333,1256402.333,1263661,1272652.667
276516,Poncey-Highland,Atlanta,GA,Atlanta-Sandy Springs-Roswell,Fulton County,4505,,271580,272076,271935.3333,272350,271907.3333,271292.3333,271083,272290,273584,272559.6667,270122.3333,266949.3333,265078,262605,259978.3333,257211,256021.6667,256750,257097,257144,255676.3333,255098,254302.3333,254280.6667,253749.6667,253071.6667,251989,249744.3333,247123.6667,244774,243895.3333,244547.3333,247601,250148.6667,252503.3333,250945.6667,249856.6667,247518.3333,246710.6667,246147.3333,244424,241634.3333,238660.3333,236967.6667,236030.3333,234354.6667,232697.3333,232357,232644.3333,232637.3333,231327.6667,229119.6667,228784.6667,230083,233353,235850.3333,237079.3333,238881,239186.3333,239375.6667,239056.6667,240329.3333,242616.6667,244164,246511.6667,249070,251267,252242.6667,252811.6667,254510.6667,257544.6667,261516,265440.3333,268042,270566.3333,273817.6667,277809.3333,281392,283302.6667,283169,282573.6667,282280,283840.6667,285863.6667,288243,290675,293698.6667,296458.3333,299356.3333,300204.6667,300840.6667,301438.6667,302317,302056.6667,300131.3333,299791,301824,306263.3333,310202,313159,315183.6667,315502.6667,316497.3333,314249.6667,315106.6667,316112,320708.3333,325248.3333,328733,332819,335237.6667,338436,340812,343650.3333,347004.6667,351753.6667,355108,358001.6667,360453.6667,364021,366713.3333,367796.6667,369433.3333,371896,375838,378814,379574.3333,381380.6667,382223.3333,384524.3333,385223,385363,384393.3333,384235.3333,385277.6667,389064,388545.6667,389005,387340.6667,386467.6667,383845,382038.6667
269439,Summerhill,Atlanta,GA,Atlanta-Sandy Springs-Roswell,Fulton County,4630,,,,,,,,,,,,,,,,,,,,,,,,,,,,,,,,,,,,,,,,,,,,,,,,,,,,,,,,,,,,,,,,,,,,,,,,,,,,249164,247056,244733,241804,240184.3333,239789.6667,238295,236466.6667,235308.6667,235179.6667,235429,235507,236393,237904.3333,240923,242432,243241.3333,243672.6667,245479,248531,249093,249605.3333,249329.6667,250567.3333,251948.6667,254048.6667,256433.3333,258576.6667,260966.3333,262918.6667,264617.6667,265665,268264.3333,271027.3333,274868,278200.6667,280886.6667,281151.3333,280583.6667,281728.3333,285846.6667,290951.6667,296139.3333,301156.6667,306589.6667,310538.6667,313715,316178.3333,319960.3333,324386.3333,329993,334223.3333,336326.3333,337328.6667,339897.6667,341858,344272.6667,347799.6667,352489,357064,359766,363067.3333,364086.6667,365395,364949.3333,364914,364046,364488.3333
276600,Sweet Auburn,Atlanta,GA,Atlanta-Sandy Springs-Roswell,Fulton County,4765,,,,,,,,,,,,,,,,,,,,,,,,,,,,,,,,,,,,,,,,,,,,,,,,,,,,,,,,,,,,,,,,,,,,,,,,,,,,,,,,,,,,,,,,,,,,,,,,324924,327221,329505.6667,334329,337778.3333,339276,339399.3333,340423.6667,343040.3333,346163.6667,349156.3333,352173.3333,355025.6667,358527,361201,362660,362247.6667,362473.6667,365139,370061.3333,375595.3333,382624.6667,388425,393458,394985.6667,395746.3333,396240.3333,399049.3333,403368.3333,408939.3333,413471,414658,413768.3333,410361.6667,407797.3333,405688,405801,406304.6667,406592,404572.3333,404226.3333,403721.3333,402932,401613,399619.3333,397675,396176.6667,395021.6667
269407,Peachtree Hills,Atlanta,GA,Atlanta-Sandy Springs-Roswell,Fulton County,4874,389537,391736.5,391518.3333,392104.6667,392258,393504.3333,397117.3333,399038,401045.3333,398606.3333,394678.6667,389044.3333,385055.3333,382274.6667,378833.6667,374361.6667,368881.6667,366775.3333,365192.3333,365591,364920,365159,363991.6667,362470.3333,358797.6667,357398,356479.6667,359724.3333,360286.3333,359518.3333,355709,353846.6667,351264.3333,347975.3333,344956.6667,343739.6667,344129.3333,343974.3333,342738.6667,339545.6667,336215.3333,334826.6667,334243.3333,333510.6667,331638.3333,330438.3333,329321,327022.3333,324557,321894.6667,321220,321650.6667,322676.3333,323388.6667,323590.3333,323834.6667,323811.6667,325539.6667,329494.6667,335254,338828.3333,340376,341977.3333,345725,351254.6667,357194.6667,362555.6667,367184,370652.6667,374462,377867.6667,382091.3333,386857.6667,390611,392605.3333,393736.3333,395765,396815,399607.6667,400585,402413.6667,403144.3333,405132,407919,411324.6667,414801,418844,421808,425286.3333,428684.3333,430080,431726.6667,433313.6667,436603.6667,439206.3333,439915.3333,442115.6667,444696.6667,449165,451748.3333,453655.6667,453725.3333,453273.6667,453833.3333,453582,456256.6667,458356.3333,463051.6667,466259.6667,470103.3333,473342.3333,474419.3333,475428.3333,475856.3333,477438.6667,478745.3333,482027.3333,484159.3333,486019.3333,487630,490186,492718.3333,493966.3333,495560,497062.6667,498941.3333,500442.3333,501867.3333,505075.6667,507118.6667,509500.3333,508742.3333,508439,507074.6667,507601.3333,508806,511473.6667,510669.6667,510617.6667,509303,509893,510130.3333,510711.6667
269361,Lake Claire,Atlanta,GA,Atlanta-Sandy Springs-Roswell,Fulton County,4884,,,,,,,,,,,,,,,,,,,,,,,,,,,,,,,,,,,,,,,,,,,,,,,,,,,,,,,,,,,,,,,,,,,,,,,,,,,462637,463096.5,463293,463764.6667,464140.6667,464574,465127.6667,465345.3333,465328,466730.6667,468515,469429.6667,470530.3333,472801.3333,479530.3333,484860.3333,491657,496870.6667,500603.6667,500529.6667,500711.3333,504657.3333,508844.6667,511996.3333,514171,519792.3333,522918.6667,524645.6667,522523.3333,521092.6667,520634.3333,524515.3333,531044.3333,533570,534675.3333,533991.3333,535375.6667,535423,537354.6667,540885,545759,548848.6667,554390.6667,558850.3333,564946.3333,569185,574824,579598.6667,582433.6667,580174.6667,577507.6667,576002,577305.6667,579260,581288.6667,584933.6667,585729.6667,586252.6667,586052.6667,590822.3333,596230.3333,601537,601558,600911,598737,599251.6667,598038,596924.3333,593925.3333
269402,Paces,Atlanta,GA,Atlanta-Sandy Springs-Roswell,Fulton County,4981,,774691,775139.5,776728.6667,778477,782013.3333,781609.3333,779767,777336.3333,776661,772560.6667,762833,752414.6667,744363.3333,734485,723434.6667,713638.6667,710795.6667,708543.6667,706155.6667,704515.6667,705169.6667,704661.3333,702076.3333,695041.6667,693214.6667,692734.3333,696773,699537,698480.3333,695604.6667,691035.3333,688471.6667,685743.6667,680206,677587.3333,677562,677009,673687.6667,666394,662474.3333,661999.3333,666543,672261.6667,674919.3333,678226,683568.6667,690925.6667,696411.6667,701204,701228.6667,704159.3333,707040.6667,714375.6667,719976.3333,725768.3333,730435.6667,733104,732274.6667,730834.3333,732218.3333,740123,749709.6667,758673.6667,763349.3333,768503.6667,775128.6667,783606.3333,785633.6667,785823,787201,798103.3333,810472.3333,818039.3333,823526.6667,830515.6667,836746,839877,842254,844950.6667,842486.3333,835815.6667,834730.6667,838585.3333,842992,846253.3333,853748,863665,872163,879021.3333,885582.6667,888790,894945.6667,893577,896499,892943.3333,900792.6667,905725,914206.6667,918752.6667,923260,923844.6667,921530.3333,921687.3333,927461.6667,938579.3333,949185.6667,957466.3333,961926,962563,964106.3333,963706.3333,963705.3333,963950,964504.6667,969378.6667,974802.3333,980571.3333,984595,988249.3333,995877,1006136.667,1016353.333,1018942,1021846.333,1023912.667,1029907.333,1031481.667,1036314.333,1044161,1053167.333,1058198.667,1053988.667,1047488.333,1045111,1050308,1060159.333,1060455,1059652,1057241.667,1057336.333,1059735.667,1061903.333
127407,Brookhaven,Atlanta,GA,Atlanta-Sandy Springs-Roswell,Fulton County,4993,,914836,915650.5,914688.6667,912450,908551,905061.3333,905024.6667,904964.6667,906333.3333,897913,886337,872052.6667,860332.3333,850129,837753.3333,823589,815406.6667,809887,811412,810705.3333,808421.3333,805685,802394.3333,799287.3333,797649.6667,797550.3333,805787,814598.3333,819408,814715.6667,810739,802438.3333,793818,782423.6667,780137,782411.6667,786143,781523,774600.6667,764741.6667,764393.6667,767408.3333,769829.6667,770546.6667,772260.6667,779434,780457,776296.3333,769110,767493.6667,770774.6667,777821.3333,784646,792060,797036.6667,796852.6667,792788.3333,789954.3333,790744,795324.3333,797162,799080.6667,799940.6667,803950.3333,811414.6667,819683,828334.6667,839254,849918.6667,858564.6667,867138.3333,878334.6667,892765.6667,901654.6667,905631.3333,905534,907060.6667,912143.3333,917627.6667,922489.6667,926592.3333,930340.6667,935300,942621,948499.3333,957340.6667,963097.6667,976185.6667,984289,990795,990451,993010.6667,998971.3333,1007730.333,1009516.333,1010579,1013854.333,1021838.667,1029188,1032154.333,1031103,1028862.667,1026164.667,1028149.667,1033857.333,1043072,1054896,1063883.333,1072835.333,1078912.333,1085600.333,1090990.667,1097422.333,1101681,1106676.333,1112371,1117822.333,1123835.667,1129854.333,1135997.667,1145055.333,1153887.667,1163827.333,1168151.667,1171391,1174262,1176721.333,1180031,1182634.667,1188716.333,1194401.667,1200046,1197091,1194782.667,1191411.333,1194567.333,1187135,1184584.333,1179138,1181146.333,1182742,1184134.333
403401,Mt. Paran Pkwy,Atlanta,GA,Atlanta-Sandy Springs-Roswell,Fulton County,5003,,1077194,1084411.5,1087910.333,1090901,1082342.667,1066217,1049600.333,1037740.667,1028970.667,1015168.667,1000105.667,985078.3333,973029,957530,936911,914192.3333,902579,898272.6667,899376.6667,892292.3333,882436.3333,876311,867815,863056.6667,857631,858911,865792,875068.6667,885029.3333,885902,883441.6667,879173.3333,882426.3333,879085,874958.3333,861856.3333,853423.3333,850443,853242.3333,857389.6667,857231.3333,856038.6667,856789,859623.3333,860971,859888.6667,858941,864076,872192.3333,879339.6667,885819,891084.3333,897220.3333,901032,907320.6667,907959.3333,901676.6667,895129.6667,889567.3333,891191.3333,892638,899446.6667,903745.6667,905977,907026.3333,912678.3333,923731.6667,940160.6667,957867.3333,969161,980190.3333,992584.3333,1008101,1008453.333,1005330,1001938.333,1015512,1028119.333,1031485,1023243.333,1014944.333,1018086,1025611,1030361,1033274.333,1036476.333,1039994,1038509,1036845.667,1035497,1037369,1036179.667,1039273.667,1048475,1056919.667,1062447.667,1066240,1072840.333,1080846.667,1082839.333,1080227.667,1076825.667,1070520.333,1070978,1072633.333,1077600.667,1086685.333,1096170,1104241.667,1104429,1102034,1103401.667,1105168.333,1108539.333,1114273.333,1124061.333,1127823,1128292.667,1131038,1132636.333,1130210,1125683,1131175.333,1144670.667,1159192.667,1167304.667,1166723.333,1170043.333,1177978,1189676,1193861.333,1198620,1203753,1215397.667,1218442,1229141.667,1225029.667,1235486.333,1244702.333,1258987.333,1266772,1270565.667
131132,Princeton Lakes,Atlanta,GA,Atlanta-Sandy Springs-Roswell,Fulton County,5272,211695,210053,208352.3333,205465,203677,202672.3333,201897,199946.3333,197235,193787.6667,190289.6667,186982.3333,183506,181123.3333,178725.6667,176460.6667,173479,170686.3333,168345.6667,165933.3333,163145.6667,160036,157293,154877.6667,153892.3333,153642.6667,154604,155204,155490.3333,155226.6667,154077.3333,153349.6667,152559.3333,152201.6667,150847.6667,148991.3333,147650,147398.3333,147847,147826.3333,147140,146582.3333,146320.3333,145740.6667,145251.6667,144836.3333,145087.3333,144714.6667,144005,142859.3333,142378.3333,142472,143026.3333,143105.6667,142756.6667,142643.3333,143305.6667,145215.6667,147068,148638,149545.3333,150687,152303.6667,153482.6667,153399.3333,152548.6667,152960.6667,155176,157780.3333,159132,160531.6667,163029.3333,166503.3333,168993,169259,168250.3333,167310.6667,167648.3333,169005.6667,171053,172658.3333,174415.3333,175825,177450.6667,178874.3333,180074.6667,180827.6667,181737.6667,183044.3333,184535.3333,185001.6667,184768.3333,184829,185945,187763.3333,189107.6667,189339.6667,189184.6667,189764.6667,191114.3333,192030.6667,193194.3333,194853,195636,195984.3333,195849,197203.6667,198936.6667,200412,200939.6667,201154.3333,201641.6667,203102,204414,204707.6667,205683.3333,206907.3333,208672,208999,209738.6667,210889,212780.3333,213776,215356,217092.3333,219104.3333,219837,220068.6667,220781.3333,221961,222707,223160,223080.6667,222614.6667,222100.6667,222091.3333,223601,224602,226585,227786.6667,228757,228417.6667,228343
403400,Mt. Paran - Northside,Atlanta,GA,Atlanta-Sandy Springs-Roswell,Fulton County,5485,,1381417,1382329.5,1381500.667,1382129,1384127.333,1383803.333,1383049,1379000.333,1376164,1362538.333,1340774.667,1317466.333,1298082.333,1277180,1252384.667,1230908,1223495.333,1219430,1218000.333,1216112,1214085.667,1208617.667,1197411.667,1184194,1176694.333,1177056.667,1186809.333,1198077.333,1202238,1200570.667,1194018.667,1182429,1172151,1160468,1159239.333,1160795.667,1162702,1157054.667,1149865,1140320.667,1140615,1142061.667,1144119,1148228,1159099.667,1171226.333,1171906,1166110.667,1164751.333,1167865.333,1173573.667,1179794.667,1188126.333,1198973.333,1211531,1214869,1209621.333,1206203.667,1210917,1226164.333,1237086.333,1251337.333,1259168.667,1269201,1279464.667,1292813.667,1306670.667,1311355,1318108,1326072.667,1349250.333,1366302.667,1384026.333,1385481,1387051.333,1382112,1384642,1390682.333,1395286.667,1389610.667,1380906.333,1373438,1376602.667,1374792,1379204.667,1389066,1410674.667,1427469.667,1439720.333,1440887.333,1442359,1446247.667,1446881.333,1456037,1455571.333,1466596.333,1470776.333,1480025,1486237,1488029.667,1483388,1477128,1471614.667,1475689.667,1486865.667,1501045.333,1513408.667,1520249.667,1522157.333,1522501.333,1526201.667,1534510.333,1539638.333,1539281.333,1542194,1552532.333,1560782.333,1565465.333,1570282.667,1581536.667,1596387.333,1608334,1612449.667,1614460,1614740,1620834.667,1623110.333,1633378.333,1645414,1658925.667,1667068.667,1670383,1668336,1671758.667,1671565.667,1680567.333,1668709.667,1662818.333,1654725.333,1659629.667,1658642.667,1657594.667
127281,Bolton,Atlanta,GA,Atlanta-Sandy Springs-Roswell,Fulton County,5611,258571,256706,255173,252731.3333,251645,251342,250959.3333,249103.3333,247167.3333,244878,242050,238141.3333,234137.3333,231245.6667,227457.6667,223368,219342.3333,217078.3333,215476.3333,213282.6667,212043,210592.6667,210353.6667,209494.6667,209359,209621.3333,210057.3333,211475.6667,211753,211195.3333,208152.3333,206137.3333,204721.3333,204621.6667,204102.6667,203713.3333,202151,200129,197446.3333,195486.6667,192842.3333,190993,188514.6667,186873.6667,185353.3333,184897.6667,184887,184187.3333,182408.6667,181069,180618,180205,178831.6667,176879,176270.3333,177243.6667,178668.6667,179180.3333,179120.3333,178888,180475.6667,181124.6667,182661.3333,183696,186029.6667,187539.3333,189535,191519.3333,193283,193537.6667,192779,193299.3333,194483,196821.3333,197203.6667,198298.3333,199496.6667,201946,204644.3333,206327.6667,206758.3333,207021.3333,207857,209571.6667,211062.6667,212847,215395.6667,218203.3333,221238.6667,224519.3333,227331,228952,230514.6667,232393.3333,235985.6667,237688.6667,239475,240802.3333,243593.6667,245803,247422.3333,248697.6667,249972.6667,251929,252559,254370,255397.6667,258236.6667,260378,262525.3333,264588.3333,266027,267274.6667,268657.3333,270192,271959,273740,275130,276537.6667,278028,280343.3333,283135,285893,287724.6667,289196,290098.3333,291411.3333,292454.6667,294252.6667,296675.3333,299251.3333,301625.3333,303626,304661.6667,305809.3333,306769.3333,309385.6667,309828.6667,310958,311603.3333,312208.3333,312068.3333,311104
269425,Ridgedale Park,Atlanta,GA,Atlanta-Sandy Springs-Roswell,Fulton County,5636,,335231,334878,332878,331164,329191.3333,327415.3333,327690.3333,329457,331257,328764,323394,318641.3333,315723.6667,314445,313305.3333,312921,313113.3333,314979,313857.3333,312046.3333,308549.3333,306469.6667,304907,302726,301923.6667,299699.6667,299903.3333,298364,296724,292436.6667,289511.3333,287798.3333,287635,287155.6667,288434,288677,288396,284960.6667,281816,278120,274809,271889,270349,269244,267660.6667,264999.6667,262766.3333,261070.6667,259779,258496.3333,257572,255307.6667,253862,251529,252520,253625.3333,255782.6667,256400.3333,256704.3333,257031.6667,258262.6667,259530.6667,262119.6667,263811.3333,267032.3333,270745,273429.3333,273888,273154.3333,275378.3333,278370.3333,282488.6667,284702,287916,289603,292529,294069.6667,295889,297023,296795.6667,297339.3333,298485,301549.6667,305105,307619,310273.6667,312135.3333,314964.6667,317360.6667,318515.3333,319481.6667,320419.3333,321770,321351.6667,319258.3333,316427,314992.3333,316556.3333,317295.3333,318351.3333,317630.6667,317342.6667,316138,312561,312033.3333,312522.3333,315867.6667,318932,321703.3333,324753,326246.3333,327766.6667,329356,331356,332823,335503.6667,337593,338384,338596.6667,340219.6667,343093.6667,343338.6667,341948.6667,341217,342803.6667,345477.6667,345593.3333,347118.6667,345924,346761.3333,344042.6667,341344.3333,337373.3333,334088,333322.6667,332771,330565.3333,328915.6667,326893.6667,326285.6667,324946.3333,326146
126858,Ansley Park,Atlanta,GA,Atlanta-Sandy Springs-Roswell,Fulton County,5810,461503,458112.5,456086,452512.3333,451949.6667,453062,456097.6667,458675.6667,459156,457089,451394.6667,444978.3333,438356,433580.3333,429086,425072.6667,420421,418980,417914,418274.3333,418808.3333,417968.6667,417071.6667,413602.3333,410649,408552.6667,407876.6667,408772.6667,409018.3333,407252.3333,403513.3333,400798,400962.3333,405685.6667,408578,410935.6667,410289.3333,410332,406864,402039,396743,392748.3333,390294.6667,388283.3333,389058.3333,389323.3333,390903,389847.6667,387947,386451.3333,384820.3333,385055,384334,386543.6667,388956,391508,392517,392108.6667,393112.3333,395551.6667,399591.3333,402875.3333,406761.6667,411014.6667,415695,420356.6667,426120.3333,431828.6667,434479.6667,436094.3333,437753,442833,449303.3333,457219.6667,462458.3333,466277.6667,468050,470826,474637.6667,478836.6667,481777.6667,483016.6667,485148.3333,488626,491077.3333,491268.6667,493915.6667,499311.6667,508526.3333,515530.6667,519701,522269.6667,523982,527782.3333,532067,536466,541141,546261.6667,553659.3333,559939.6667,564665.3333,567088.3333,565628.6667,563261.3333,562479,569046,576832.6667,584916.3333,591301,597364.3333,602806.3333,604685.6667,606848,607794.3333,610950.3333,615342,622121.6667,627679.6667,632775.6667,636922.3333,641014.3333,644937.3333,648315.3333,652633.3333,655174.3333,658918.3333,661649.6667,662823,662597.6667,661102,660972,661023.3333,665261.3333,668247,673069.6667,675732,679726.3333,677497.6667,676784.6667,675627.6667,675732.3333,673403.3333,671112.6667
399509,Atlantic Station,Atlanta,GA,Atlanta-Sandy Springs-Roswell,Fulton County,5962,217951,217418.5,217257.6667,215769.6667,213647.6667,210341.6667,208682.3333,208498.3333,209843,211316,210775.6667,209022.6667,205475,201609.6667,197440.3333,193864.3333,191865.6667,191077.3333,191267.3333,190208,189440.6667,187307.3333,186392,184412.3333,182215,180878.6667,179813.6667,179049.6667,176850.3333,175807.3333,174525.3333,174141.3333,172877.6667,172690.3333,171938.3333,172747,172336.3333,173344.6667,171957.3333,171665.6667,169855.3333,169636.6667,169857.3333,171144,173229.6667,174323,174888.3333,174855.6667,174783.3333,175459.3333,175509.6667,176875.3333,177864,179838.6667,181268.3333,183414,182856.3333,182726,181557.3333,181692,182702.6667,184357,186663.6667,188685,191547.3333,195186,198728.6667,201775.6667,204315.6667,206699.6667,209553,213391.6667,217553.3333,220414,221861,222828.6667,224454.6667,225362.3333,226301.6667,226219.6667,225425.6667,224273.3333,222958.3333,222061.3333,221914,222738,224979,227656.6667,230418.6667,232838.6667,233442.3333,233937.3333,234262,233729.6667,234239.6667,234197.6667,237030.3333,238903.6667,242675.6667,245081.6667,247439,248012,247566,246976.3333,245743.3333,247149.6667,248219.6667,250742,253045.3333,255299.3333,258152,259127.3333,261048.3333,261855.3333,262793.6667,262633.3333,263474,264281,265776,267198.6667,270207.6667,273164.6667,275809.6667,277881,280268.6667,282586,283954,284282.6667,285646,287179.3333,289631,289680.3333,288228,285290.3333,283934,283807,283832,280855.6667,278772.3333,276381,275925.6667,274956.6667,275340.6667
129333,Hills Park,Atlanta,GA,Atlanta-Sandy Springs-Roswell,Fulton County,6166,297290,296396.5,296156.6667,295808.3333,296347,297416,297854.6667,296495,294371,292042,289047,285137,280728.3333,277232,273512,269365.6667,265020.3333,262641,260905,262613,264266,266160,265468.6667,262566.6667,258654.6667,255317.6667,254126.6667,255326.6667,256629,256625.6667,254077,251888,250508.6667,250962.6667,250772.3333,250228.3333,249357,247982.6667,245591.3333,242494.6667,240020.6667,239328.6667,240115.3333,240879,240339,239088.3333,238166,239247.3333,242307,243991,243977.3333,243030,244473.6667,247762,252368,256891.3333,261870.3333,264787.6667,266889.3333,268928.3333,272364.6667,277080.3333,282156,286574,289573,291572.3333,294459,298767,302487,305813.3333,308432,311352,313096.6667,315321.6667,315873,316738.6667,316936.3333,317927.3333,319819.3333,320994.6667,322520.3333,323212,323799.3333,324688.3333,326579.6667,328709.3333,331636.6667,334487.6667,338340,341487.3333,342879,343177,343521,345440,349689.6667,352599.3333,354761,356668.3333,360369.6667,364455.6667,366691,367156,366794,366233.3333,364732.3333,365197.3333,367427.3333,372627.6667,377116,380861.6667,383819.6667,386090.3333,387614.6667,390145.3333,392486.6667,394930.6667,397661.6667,400263,403238.6667,405680,409700.6667,415194.3333,420972,426155.6667,430407.6667,433370,436066,436865.3333,438873.3333,440953.3333,443585.3333,446086,446676,447865.6667,449916.6667,453020.3333,455516.6667,453142.3333,451085.3333,447385.6667,445005,441457.3333,440174.3333
127432,Brookwood Hills,Atlanta,GA,Atlanta-Sandy Springs-Roswell,Fulton County,6250,653710,654844,653846.6667,653187,653498.6667,656423.6667,658550,662602.3333,663381.6667,667596.3333,665371,663392.3333,655487,645226,636811.3333,632152.3333,633671.6667,637396,641960,645289.6667,647861.3333,648098,648714.6667,644019,637693,632463.6667,630854.3333,632529,634222,634152.6667,630880,627140,624621,622062.6667,619230,619309.3333,625164.6667,630289.3333,631180.6667,626102.3333,619001.3333,613050.3333,611161,610266.6667,611195.6667,611589.3333,608683.6667,602926.3333,595547.3333,592716,589587,588486,587795,590316.6667,593674,599121.3333,603317,604311.6667,604133,605729.6667,609584.3333,611342.3333,613871.3333,615865,620858.6667,626552.6667,635714.3333,642847.6667,648768,650951.6667,653871,658365.6667,667650.6667,680697.6667,691707,701117,707545.6667,713966,720895.3333,727165.3333,727966.3333,729439.3333,731468.3333,737843.3333,739269.6667,739342.6667,743117.3333,750963.6667,761052,767759.3333,769561.6667,766755,765531.6667,768136,775237,780769.3333,783570.3333,789694.6667,798453.6667,807399,810580,810950.3333,808338,806046.3333,806750.6667,816329.3333,828471.6667,839918.3333,850852.3333,860551.6667,869146.3333,874798.6667,882262.6667,888370,894454,900765,912434,920868.3333,928502.3333,935384.6667,943556,950070.3333,953149.6667,956594.6667,953894,954701,952043.6667,954058.6667,955389.6667,958847.6667,963149.6667,966705.6667,973280.3333,980424,987856.6667,991613.6667,994067.3333,988367,986617.3333,983785,982810,976960.6667,976400
403414,Peachtree Battle Alliance,Atlanta,GA,Atlanta-Sandy Springs-Roswell,Fulton County,6299,,1025954,1027222,1025911.333,1026252.333,1026527.333,1026918.667,1025244,1021222.667,1016665.667,1007924.333,994427.6667,984138,974326.3333,965421,950084,937548,933027.3333,934221,938193.3333,939935,942495.3333,940124,935536.6667,926637,920626.6667,920930.3333,929046,942251.3333,949813,949889,943735,936932,932609.3333,931302,935958.6667,947351,955454.3333,956153.3333,946647.3333,938844.3333,938054,945973,952951,963764.3333,973672.6667,982048,976453.3333,968395.3333,966131.6667,972716.3333,981095.6667,988696,998040.3333,1003827.333,1011169.333,1006928.333,999925,995344,999583.6667,1008984.333,1015377.333,1021643,1024781.333,1025402.667,1027151,1033947.667,1040740,1042171.333,1041442.333,1041963.333,1049922.667,1060342,1075673.333,1083800.333,1091205.333,1091494.333,1093447.667,1095286.667,1101702.333,1111518.667,1120017.333,1123809.667,1133638,1142979.667,1150682,1155624,1164083,1182836.667,1196871.667,1205853.333,1207040.667,1207697,1202613,1200269,1195935.667,1198061,1201120.667,1210327.333,1219989.667,1224424.333,1222326.667,1217738,1215875.667,1220309.333,1234899,1250859.667,1263647.667,1273342.667,1282238.333,1289587.667,1295146.333,1299257,1306778.333,1308573.667,1315088.667,1324048.667,1332854.333,1340465.333,1351193.333,1358295.333,1368296.333,1372511.667,1385607.667,1392568.667,1398864,1401717.333,1404445,1411141,1421796.333,1438418,1450517,1450559,1443502.333,1438444,1441154,1444628.333,1438081.333,1437180.333,1436596,1441784.667,1442603.667,1444908.667
403156,Druid Hills,Atlanta,GA,Atlanta-Sandy Springs-Roswell,Fulton County,6372,,,,,,,,,,,,,,,,,,,,,,,,,,,,,,,,,,,,,,,,,,,,,,,,,,,,,,,,,,,,,,,,,,,,,,,,,,,445813,445723,446326.6667,446221.3333,445553.6667,444726.3333,446244,447255,446620,444738,443258,442360.3333,442122.3333,443988.6667,447739,451121.3333,454467.3333,458510,462405.6667,464681,467508,470574,473826.6667,474524.6667,475562.6667,478297.3333,481057.6667,484072.6667,485346,485703.6667,482625,482234,485707.3333,489451.3333,491625.6667,491236.6667,491989.6667,491546,492128.3333,493312.6667,495485.3333,496451,499617.6667,502940,506457.3333,510474.3333,515966,521166.3333,523486,521299.6667,519558.3333,517920.6667,519206,520225.6667,520793,521789,521099,521178,520046,523007.6667,526555.3333,530919.6667,530101,529083,526992.6667,527306.6667,527398.3333,526815,524925
269446,Tuxedo Park,Atlanta,GA,Atlanta-Sandy Springs-Roswell,Fulton County,7003,,1253161,1253467,1250971,1248048.667,1242082.667,1237951.667,1236486.333,1239261.333,1245413.333,1240796.333,1228240.667,1208731.667,1191416.333,1173484.333,1153158.667,1138614,1138461,1139768.333,1140402,1137915.667,1136864.333,1134991.667,1126359.333,1115559,1107440,1107309,1118184.667,1132601,1139872,1137941,1131011.667,1123322.333,1118572.333,1113306,1113729.333,1115295.667,1118465.667,1109468.333,1101314,1087628.333,1087424.333,1090059.667,1094222.333,1099349,1106849,1120355.333,1122500.333,1118314.667,1114660,1120297.333,1128452.333,1137243.333,1146754,1157497.667,1169889,1179675.667,1187051.333,1194521.667,1202515.333,1219013,1231408.333,1247761.333,1258945.667,1270532.667,1283098.333,1296928,1316484,1320952.667,1322359.667,1323049,1342211,1365275.667,1387842.667,1398287,1402636.667,1400822.667,1401602.667,1408104.667,1415159.333,1420574.333,1421657,1421679.667,1425497.333,1428746,1436897,1447048.333,1461781.667,1477547.333,1490201,1496998,1499579.333,1503086,1501413,1504061,1499918,1505686.667,1511061,1523532.667,1534360,1538279.333,1536321.667,1531636.333,1530243.333,1536206.333,1553864,1572590,1596198.333,1613132.667,1627098,1635453,1639997.667,1651456.333,1659747.667,1667749.667,1672664,1680736,1685272.667,1689288.667,1697691,1708552.667,1723939.667,1734315.333,1743390,1750923.667,1753280.667,1757648.333,1756554,1762480.667,1769781,1779101.333,1786744.333,1794376.667,1797852,1806813.333,1818161.333,1832052.333,1829653.333,1829239.333,1829583.667,1834432,1831992,1832165.333
127423,Brookwood,Atlanta,GA,Atlanta-Sandy Springs-Roswell,Fulton County,7251,,,,,,,,,,,,,,,,,,,,,,,,,,,,,,,,,,,203040,204775,204550,206066.6667,206494.3333,206845.3333,206083.3333,204657.6667,204526,203800.3333,202729,200431,197275.3333,194117.3333,190590.3333,188420,186297.6667,184746.3333,182594.6667,181411.3333,181217,181876.3333,182094,181455,181398.6667,181105.6667,181053,180122.3333,180287.3333,181259,182656.6667,184523.3333,186812.6667,189542.6667,192049,194193,196531.6667,199170.3333,202790.6667,205769.6667,207996,209383.3333,210444.3333,211287.6667,211821.6667,213236.6667,214915.3333,216885.6667,218034,219441.6667,221032.6667,222808.6667,225042,227040.3333,228625.3333,229758,229466,229120.3333,228974,229734.6667,231973.3333,233118.6667,235327.3333,237332.6667,240331.3333,243110,246011.3333,248736,250534.3333,252047,252818,255331.3333,257163.3333,259604.3333,261909.6667,264504,267257,268426.6667,269427.3333,270438.3333,271283.3333,271920.6667,273127.6667,274388.6667,275695,277134.3333,279228.3333,281073.6667,281426.3333,281541,282279.3333,284335.6667,285801.6667,286931,288164,289924.6667,291476,292533,292296,291382.6667,290605,291451.6667,294454.3333,295749.6667,296944.6667,296379,296599.6667,296195,296088
403402,West Paces Ferry - Northside,Atlanta,GA,Atlanta-Sandy Springs-Roswell,Fulton County,7265,823499,813067,808652.3333,802350.6667,805225.3333,810481.6667,813734.3333,815643.3333,814155.3333,810934,802834,791034,779524,770783,764135.6667,754018.3333,743408.6667,738326.6667,733880,731002.6667,728303.3333,727509,723865.6667,715174.6667,706734,700871,696812.3333,697983.3333,700941.6667,705032,704046.3333,702345,699116,701330,702197.6667,705736,706229,707355.3333,705302.3333,700549.3333,694561.6667,693394.6667,696094,699114,703242.6667,707802,713926,713822,715119.3333,720330.6667,726624.3333,732072.3333,730894.3333,729103,727773,729939,733864,734359,738088,743736.6667,748600.6667,752703.3333,759429.3333,767974.3333,774387.3333,777743.6667,785718.6667,794705,799498.6667,801593,802176.3333,811039.6667,813863,812845.6667,805442,805709.6667,808549,812163.3333,814230,816354,814251.6667,811494.6667,809825.6667,817718.3333,830021,843427.3333,854783.3333,862455,870144.6667,881290,888406.6667,891892,889982.6667,884920.3333,885960,885330,890838,893948.3333,900481.6667,906502,909350.6667,904899,901648.3333,898267,901944.3333,909094,917205.6667,923001,921626.6667,920054.6667,921488.6667,926711,933655.3333,935812,935835.3333,936301.3333,943033.6667,947444.6667,950834,952466.3333,962338.6667,974626,987535,993338,999484,1003241,1011698,1018439.333,1028245.333,1039406,1046467.333,1051745,1056896.333,1065095.667,1069681.333,1069197.333,1069077.667,1066685,1065115.333,1063698.667,1064391.333,1066163.667,1070044.333
269437,Springlake,Atlanta,GA,Atlanta-Sandy Springs-Roswell,Fulton County,7363,616140,611970.5,612670,611226.6667,612558,613061,613436.3333,614036.6667,612428.3333,610868.3333,604800.6667,596712.6667,589165.6667,582752,577794.3333,570476,565524,562724.3333,560998.3333,559338,555738.3333,554046,551635.3333,549372.3333,547282.6667,547023.3333,547698.6667,550321.6667,552213,554692.6667,551339.3333,549964.6667,545439,545149.6667,541270.6667,539927.3333,538595.3333,540289,540850.6667,538240.6667,536333.3333,536181.3333,539720,538371,536206.3333,531768.6667,533368.3333,534331.3333,535583.6667,534439.3333,533458,533489.3333,533930.3333,537153.3333,541273.3333,545440.6667,548651,549656,552656.3333,557027.6667,562804,567256,572372.3333,578136,582966.3333,585786,589588.6667,596057,600856.3333,604832,607203,613484.6667,618288,624312,625531.3333,628149,626328,626213,627291,630717,632677.6667,633705.3333,633893,636916.3333,639523.3333,643047.6667,646720.6667,651675.3333,659285.6667,667339.6667,673984,673713,673134,670674.3333,676218.6667,679187,683521,685304,688763,694446.3333,697247.6667,698176.3333,695971,696934.3333,703276.6667,714591.6667,722994.3333,729311.6667,735161.3333,741597.6667,749505.6667,752584.3333,756761.6667,758084,761360.6667,765104,772457.6667,777864,783280.6667,785297,787303,787135,782476.3333,777785.6667,774185.6667,773733.6667,774948.3333,775875,779608,783253.6667,784907.3333,785606.3333,784632.3333,786625.3333,790374.3333,797306,801495.6667,798297.6667,794013.3333,791228.3333,792894.3333,793455.6667,793624
403422,Ardmore,Atlanta,GA,Atlanta-Sandy Springs-Roswell,Fulton County,7366,,401589,400872,401767,403057.6667,404092.6667,402761,399895.3333,399166,399305.6667,397248.3333,391975.6667,384785.3333,379165.3333,373388.6667,368260,363445.6667,360632.6667,359323.3333,359598,359256.3333,357414.3333,355222,353686,354087,355636,355342.3333,353891.6667,350158.6667,348088.3333,346378.3333,345590,343711,341022.3333,336298.3333,333652,331723.6667,331613.3333,331646.3333,330284,328285.3333,326171.6667,328295.3333,333096.3333,337144,337910.3333,336506.6667,335911.3333,335662,337856.6667,339451.3333,343901,347354.6667,351287.6667,353489,354606,353813.3333,353241.6667,355043.3333,357889,360062,359994.6667,362132.6667,365209.3333,370175.3333,375158,380543,386716.6667,389809,392850.3333,395179,399633.3333,405286.6667,411179.6667,416320.3333,421012.6667,423692,426351.3333,428529.3333,431119.3333,435574.3333,439877.3333,443909.3333,447572.6667,450318.3333,451971,451767.6667,452299.3333,454483,456582.3333,456676.3333,455576,454942,458454,464381,467713.6667,469679,470744.6667,474381,476189.3333,476631.6667,475749.6667,474181.6667,473517.3333,474233.6667,476970.3333,480314.6667,484115,488483.3333,491419,495173.6667,496857.6667,499946,502721,504215.3333,505088,505317,507257.3333,509824.6667,512590.6667,516213.3333,519340.3333,522128.3333,522681,523861.3333,524750.3333,527424.6667,528309,531313,532681.6667,534428,533634.6667,532964,530852.3333,530021.6667,531443,535028.6667,534928.6667,533609,528829,526024.6667,523307,523867.3333
269408,Peachtree Park,Atlanta,GA,Atlanta-Sandy Springs-Roswell,Fulton County,7433,620795,617869,614546,610550,608987.3333,611551,614208.3333,620636,624233,625211.3333,619073.3333,610689.6667,602647.6667,594640,587956,578874.6667,568387,559728,555901,554994.6667,553508,551400.6667,550140,547947.6667,543503,541012.6667,541567,547345,552900.3333,554926,551321,547620.3333,543428.3333,539355.3333,532186.3333,529694.6667,529724,532706,533156.3333,533620.6667,531396.3333,529174,525293.6667,522501.6667,521021,521224,522863.6667,521886.3333,520218.6667,518243,516826.3333,517368.3333,518776.6667,523263,527241,530345.6667,531247,530531,531327.6667,532078.3333,537701.6667,542037,548452.6667,552495,556482,561065,566244.3333,573921,580007,585681.3333,589362.3333,596053,603083,610745,613302.3333,612370.3333,611264,611200.3333,615282.3333,616591,618067.3333,616637.6667,615756.3333,616332,620682.6667,624229.6667,627097.6667,627678,633073.6667,640752.3333,647302,646302,645174.3333,647699,657364,663701,665296.6667,665575,669141,675441.3333,677595,675720,671554.6667,669877.3333,667611.3333,670909,675631.6667,683446.6667,686659.6667,688187.3333,688602.6667,687340,689152,690962,694024.3333,694539.3333,698534,702572,705472.3333,707560.3333,706309.6667,707129.6667,707313.6667,710015,711444.3333,711675,711701.3333,712626.3333,713401,715717.3333,718036,719968,722366.3333,723139.6667,725282,726092,726335,721681,719215.3333,717249.6667,721226.3333,721797.3333,723710.3333
399510,Loring Heights,Atlanta,GA,Atlanta-Sandy Springs-Roswell,Fulton County,7524,320638,318951.5,318778.3333,318935.3333,319689,320648,321682.3333,322964,324976.6667,326482.6667,326459,324955.3333,322979.6667,322698.6667,321458,319008.6667,314913.6667,310649.6667,307561.3333,305416.6667,306133.3333,306710.6667,306885,304192.3333,301816,301335.6667,302349.3333,304988.6667,307144.6667,309713.6667,309111,309258.3333,309935.3333,314547.6667,316919.3333,317236.6667,315291.3333,315807.3333,316221,316056.3333,314058.3333,313059,312075,311992,309729.6667,307231.6667,304709.6667,303205.6667,301772,300121.3333,299703.3333,299670.3333,300355.6667,300365.3333,301990,304465.3333,308662.6667,309471,310325.6667,309307,312457.3333,313263.6667,314612,313708,315722,318612,323427.6667,328241.6667,330483,330224.6667,328194.6667,329044.6667,330416.3333,333087,336250.6667,340351.3333,343386.6667,345765,347155,348218.6667,347902.6667,348002.6667,349285.3333,354453.6667,360439.3333,365670,368277,370042.6667,373957,378340.3333,382576.3333,381744.3333,378617.6667,375174.3333,375071.6667,376233.3333,377196.3333,377499.3333,377798.6667,378594,378723.3333,377766,376690.6667,376434.3333,378041,382125.3333,386706.6667,393694.6667,400309.6667,408295.3333,414861.6667,418123.3333,417266.3333,417823,420388.6667,427092,433247.3333,439099.6667,443476,446808.3333,447996.6667,447754,446220,446001.3333,446651.6667,447634,448221,447899.6667,447316.6667,447804,450958.6667,453139,454003.3333,450959.3333,449707,451475.6667,455905.3333,458036.6667,457980.3333,454725.6667,452674.3333,450759.3333,450182
269311,East Chastain Park,Atlanta,GA,Atlanta-Sandy Springs-Roswell,Fulton County,7632,,292802,292374,291297.3333,290748,289858.3333,289570.3333,288996.6667,288867.3333,287385,283595.3333,278592,274021,269900.6667,266526,263793.3333,262269.3333,261408.6667,260924,260080.3333,260904.3333,263001,265198,265295.3333,263698,262719.3333,262485.3333,262603,262142.3333,261383.3333,259639.3333,257468.3333,254763.6667,253130.3333,251982,252131.6667,251458.3333,251785.6667,249991.6667,248648.6667,245814,243689.6667,242325.6667,241376.3333,240147,238224,238110,237472,236184.6667,233681.3333,231990,230680.6667,229678.3333,229590.3333,229517.3333,230018.6667,230706,231848,232975,234279.3333,236596.3333,238211,240095,243026.6667,245914.3333,249537.3333,253590.3333,259034.6667,263746,267063.6667,268935.6667,271152.6667,273547,276938.3333,278824,280311,281214.3333,282410.3333,284112.3333,285315.6667,284918.6667,284366.6667,283676.3333,285262.6667,286808.3333,288534.3333,290265.3333,292658.6667,295981,299306,301343,302723.6667,304862,306954.3333,310215,311536,313754.6667,315314,318269.3333,320860.3333,321868.3333,322163,321391,321225.3333,318900.3333,318366,318085.6667,320627.3333,323522.6667,326607,329504.3333,330629.6667,331671.6667,332665.3333,333794,335406,338117,341120,343925.6667,346262.3333,349312,352772,355764,357624,359241.3333,360620,362157.6667,362790,363979.3333,365040.3333,366038.6667,366428.3333,367512.6667,368053.6667,368769.6667,369140,370789.3333,369957.3333,369830.3333,369137.6667,369752.6667,369411.3333,369400
131360,Riverside,Atlanta,GA,Atlanta-Sandy Springs-Roswell,Fulton County,7675,,,,,,,,,,,,,,,,,,,,,,,,,,,,,,,,,,,,,,,,,,,,,,,,,,,,,,,,,,202971,202662.5,202298.6667,201640.3333,202043,203299,204823,205880,207579.3333,210311.3333,213657.3333,216199.6667,217424.6667,217831.6667,218537.6667,219749.3333,220431.6667,220355.3333,220005.6667,221152.3333,222632.3333,224956.6667,226040,228603.6667,231088.6667,233416.3333,232945,233131.3333,233971.3333,235956,237906.3333,240057,242475.3333,243441,242982.3333,242946.6667,244147.3333,247729,251646.3333,255255.3333,258248,260609.3333,261864,260989,260138.3333,260196,262600.6667,263248,263645,264172.3333,267975.6667,271956.3333,275579.6667,277404.3333,279993,282068.6667,285851.6667,288409,291230.3333,292468.6667,293575.3333,294498,295735.6667,296623.3333,297691.3333,300055.3333,303673.6667,308214.6667,311556.6667,314050.3333,315653.6667,317609.6667,319760.6667,322679,324461.3333,326172.3333,325744,324865,323194.3333,322157.6667,318747,315707,313051,312163.6667,311449.3333,308312.6667
269405,Peachtree Heights East,Atlanta,GA,Atlanta-Sandy Springs-Roswell,Fulton County,7815,474652,471115,470310.6667,467869,469315,470545.6667,474947.3333,476781.6667,480613.3333,478941,476387.6667,470614.3333,467668.3333,465513,461250,454917.3333,450615.6667,450482.6667,451031,450144,447186.3333,445062.6667,440092.6667,437789.6667,434089.3333,434165.3333,435453.3333,439501,442629.3333,443580.6667,443373.6667,444398.6667,442625.6667,439723.6667,435224.6667,433250.3333,432980.6667,433781,433667.6667,431764.3333,428251.6667,426788.6667,425806,425228.3333,424157.6667,424842.3333,428263.6667,429639.3333,432238,435982.3333,440117,442930,442465,442642.6667,440968.6667,440991,442825,448152,454464,459683,460668.6667,459585.6667,457349.3333,459817,462988,468918.6667,474449,480844.3333,486498.3333,491111,495937.6667,500871.6667,504900.3333,509083.6667,511794,514424.3333,515587.3333,517164.6667,519961.6667,522459.3333,522490,523480,523913.3333,527725.6667,531078,533895.6667,538721.6667,544503.3333,550848,554624.6667,555047.6667,555376,556829.3333,557386.3333,561950.6667,562236,563349.6667,563563,567545.3333,572898.3333,576290.3333,578111.3333,579179.6667,580163,577468,579185.3333,580879.3333,587603.6667,592872.6667,599002,604334.6667,605415.3333,606866.3333,607544.6667,609941.3333,611428.6667,616054.3333,620554,624557.6667,626887.6667,629669,632063.6667,634163.3333,636774.6667,639142.3333,640992.6667,641374.3333,643474.3333,646749,649181,649323.3333,648182.3333,648737,648021.6667,646852,645096,645957.3333,642268,640463.6667,637672.3333,639506.6667,638649,638568.6667
127516,Cabbagetown,Atlanta,GA,Atlanta-Sandy Springs-Roswell,Fulton County,7841,,277136,276197,275481,274439.3333,272198.6667,269171.6667,266131.6667,265372.6667,266199,266272,265209.6667,263410.6667,261655.6667,258407.6667,253961.3333,249391,247079,247186.6667,248022.3333,248670,248492.3333,247622.6667,248146.6667,247324.3333,247334,245221.3333,245325,244988.6667,244839.6667,243038,243122.6667,242726.3333,242050.3333,238180,236210,234754,235680.3333,234667.3333,233656,230602.6667,228891.6667,226740,224274.3333,221705,220453,220414.6667,219406.3333,216956.6667,214172.6667,212669.3333,212543.6667,213794,215554.3333,217171.3333,218775.3333,220153.6667,221885.6667,224421.6667,225689.6667,226539.6667,226215.3333,226969.6667,227763.3333,229440,231802.6667,235566.3333,239609.3333,242708.6667,245311,246992,249060.3333,251181.3333,253075,255526.6667,257739.3333,260667.6667,262657.3333,264924,266523.6667,268233,269404,270447.6667,271544,274049.6667,277463.3333,282029.6667,285867.3333,289719,293033.3333,293975.3333,294753,296343.3333,298579.6667,301744.6667,303183.3333,306338.6667,308719.6667,313247.3333,317910.6667,321872.3333,323624.6667,324790.3333,326245,325944.6667,324706,323006.3333,324566,326562,329871.3333,333147.6667,336874.3333,340362,344939.6667,349895.3333,354050,355834,355957.3333,358081,360876.6667,363287,364362.6667,366636.3333,370236.6667,373131.3333,374670.3333,375937.6667,376554.6667,378317.3333,380639,382664,382469.3333,384770.6667,387098,389030,386924.6667,385985.3333,383352.3333,382267.3333,379201.3333,378115.3333,376427,377331.3333
403171,Midwest Cascade,Atlanta,GA,Atlanta-Sandy Springs-Roswell,Fulton County,7953,,,,,,,,,,,,,,,,,,,,,,,,,,,,,,,,,,,,240394,242731.5,244770,246375.6667,244955.3333,240661.3333,238023.3333,236069,234532.6667,231481.6667,229344,228189.3333,228227.6667,227799,226000.3333,225595,226603,229687.3333,231657.6667,232165.3333,232032.6667,231339,230926,230424.6667,230762.3333,231919.6667,234547.3333,237605.6667,240289.6667,242182.6667,243446.6667,245171.3333,246118.3333,246068.3333,244564.3333,243753,243578,244425.3333,246500.3333,247061.3333,248957.3333,249143.6667,251205.3333,252055.6667,253602.6667,255000,257859.6667,259964.6667,260469,257699,254742.3333,253973,254402.3333,256013.6667,258344.3333,258987.6667,260203.3333,260257,262860.3333,265134.3333,266677.6667,269036,270187.3333,272233.3333,272890.6667,274037,273944.3333,275539.6667,275956.3333,277037,277271,279432.6667,282462.6667,286193,288416.3333,290067.3333,290340.3333,292111.3333,293807.3333,295612,297632.3333,299043.3333,298351.3333,296486,296132,295926.3333,296498.3333,295892,296887.3333,297263.6667,297767,299150.3333,300545,303689.6667,305751.3333,306616,305962.6667,304998.3333,304920.3333,304776,305114.6667,306162.3333,304978.3333,304077,303242.6667,305630,307742.6667,309776
269374,Margaret Mitchell,Atlanta,GA,Atlanta-Sandy Springs-Roswell,Fulton County,8000,,867789,870762.5,872311.3333,875001.6667,874201.3333,870104.6667,865267.3333,864450.6667,866949.3333,866161,859489,852542.6667,846705.3333,841550,829251,815264.6667,804920,798886,795637,788334,779411.3333,767715.3333,758138.3333,752504,752699.6667,755788.3333,760266.3333,764266,768913,770032.3333,766832.6667,755712.3333,747136,740190,734292,729051.6667,723555.6667,719124,708409.6667,703241,696806.6667,697169.6667,689561.3333,689137,688251.6667,694774.3333,694289.3333,690981.6667,688350.6667,688668,691210,690621,692642,695880,701468.3333,703685,702231.3333,699838.6667,703593.3333,707754.6667,708134.3333,704099.6667,703881.3333,706992.3333,713488,720774.3333,728963.6667,733317.3333,735278,736626,738674,739917.3333,737799.3333,734626.6667,734984.3333,735683.3333,736443.6667,739593.3333,743685,744970.6667,742479.3333,743064.3333,751384.3333,755207.6667,755556.6667,755125.6667,758306.3333,762009,766264.6667,767072,767001.3333,763702,765297,768906.3333,772417,775757.6667,781793.3333,785893,791065,789804.3333,790056.6667,786457.6667,786740.3333,790715.6667,798877.6667,807791.6667,816219.6667,820094.6667,821734.6667,825488,831241,835361.3333,833854.6667,831093.6667,832947.3333,840696.3333,844158.3333,842573.3333,836416,836595.3333,841537.3333,848079,852385,857356.6667,859881.3333,863182.3333,862999.6667,866413,869882.6667,873199.6667,875088,880456.3333,885291.3333,887559,887557,891021.3333,891747.6667,888705.6667,886978.6667,885939,885676.3333,880167
269389,Niskey Lake,Atlanta,GA,Atlanta-Sandy Springs-Roswell,Fulton County,8065,,,,,,,,,,,,,,,,,,,,,,,,,,,,,,,,,,,,,,,,,,,,,,,,,,,,,,,,,,,,,,,,,,,,,229460,230654,230362.3333,229508,227655,227159,226793,227022.3333,227054,229340.3333,232292,236298.6667,239580.6667,241988,243051,243751.3333,245786.6667,247871,250156,250840.3333,251540.3333,252642,252317.3333,252705.6667,252658.6667,254846.6667,257055,259039.6667,259283.6667,259991,260576,262286.3333,263070.3333,263358.3333,264089,264439,263699.3333,263827.3333,265026.6667,268207,270572.6667,270759.3333,271363.3333,271320.6667,271183,270701.3333,271425.6667,273867.3333,275214.3333,274598.6667,274891,277500.6667,281928.6667,285117.3333,288671,292122,296431,298746.3333,300526.3333,300643.6667,302437.3333,303922.3333,305074.6667,305090.6667,305576.6667,307378.3333,307770.3333,308717,310206.6667,311291.6667,312010,310777.6667,311964,312379,313913
131406,Rockdale,Atlanta,GA,Atlanta-Sandy Springs-Roswell,Fulton County,8242,,,,,,,,,,,,,,,,,,,,,,,,,,,,,,,,,,,,,,,,,,,,,,,,,,,,,,,,,,,,,,,,,,,,,,,,,,,,,,,,,,,,,,,,,,358827,355872.5,354573,351683.3333,350608.6667,349030,346502.3333,344906,345106,347061,348726.6667,349090.6667,348040.6667,347329.6667,347700,346749.3333,344355.3333,342772,343739.6667,346282.6667,346964.6667,349480,351424.6667,354424,356857.3333,360755,362491,365116.6667,365377.6667,368025.3333,369425.6667,371944,375067,378223.3333,381927.3333,384949.6667,388449.6667,390191.6667,392648.6667,395092.3333,399473.6667,401906.6667,405102,405930.6667,406369.6667,403101.6667,400627,399450,400397.3333,402229.3333,403643.6667,404990,406640.6667,407396.3333
269378,Meadowbrook Forest,Atlanta,GA,Atlanta-Sandy Springs-Roswell,Fulton County,8407,,,,,,,,,,,,,,,,,,,,,,,,,,,,,,,,,,,,,,,,,,,,,,,,,,,,,,,,,,,,,,,,,,,,,,,,,,,,,,,,,,,,,,,,,,,,,,,,,,,,141548,142790.5,144501.3333,145724.6667,146807.3333,146181,145926.6667,144181.6667,142022.3333,140398.3333,139240.3333,138499.3333,137382.6667,136025.3333,134729.6667,134877.3333,135874,138016.3333,140219.6667,143485.6667,146675,148107,148735.6667,149133.3333,151140.3333,153846,156593.6667,159038.3333,160331,161771.6667,163206,165055,167123.3333,169916.6667,172712.3333,175187,176180.6667,176214.6667,175025,173729.3333,172347.3333,170844.3333,168298,165154.6667
269262,Ben Hill Acres,Atlanta,GA,Atlanta-Sandy Springs-Roswell,Fulton County,8539,,,,,,,,,,,,,,,,,,,,,,,,,,,,,,,,,,,,,,,,,,,,,,,,,,,,,,,,,,,,,,,,,,,,,,,,,,,,,,,,,,,,,,,,,,,,,,,151003,149967.5,149315.6667,147831.3333,146363.3333,144743.3333,143597.6667,142589,140959.6667,138418,135650.3333,133957.6667,133524.6667,133333.6667,133071.6667,132616,132439.6667,132077.6667,131456.3333,131811.6667,133061.3333,135239,137064.6667,138340.6667,138164,137891.6667,137994,139139,140325.3333,141483.3333,142125.3333,142018.3333,140856,139182.3333,137579.3333,136661.6667,136905,137532.6667,137258.6667,135769.3333,134315.3333,133553.6667,133248.3333,132680,132905,133709.6667,135119,135480.6667,134999.3333
403413,Woodfield,Atlanta,GA,Atlanta-Sandy Springs-Roswell,Fulton County,8601,,625969,624977.5,626356.3333,623944.3333,624432,621084.3333,622870,620983,624273,624080,621465,613345,602717,594869.3333,586373,580726,574660,568098,561942,558764.3333,556770.6667,556235.3333,554902.6667,558634.3333,563651.3333,568821.3333,572957.6667,577796.3333,582954.6667,584343.6667,583245.6667,581257.6667,579919.3333,575231.3333,568361,563122,561335.3333,561509.6667,563549.3333,565806,564292,562251.6667,556074.6667,552352.3333,546566.3333,544276.6667,543543,541998.3333,540458,538495.3333,538865.6667,542007.3333,547870.6667,557172.6667,564331,567391,566053.6667,568456.3333,574601.6667,580071.6667,583929,586250.3333,588124.6667,587310,587990.3333,590492,594533.6667,592767.6667,591792,593786,603878.3333,609677.6667,609695,606208.3333,607357,608659.6667,606383.6667,604581,605035,610106,614398,618415.6667,621388.3333,625891,631668.3333,636560.6667,636605.3333,639245.3333,645011,652649,652580.6667,651519.3333,651671.6667,655202.6667,655471,654155,656798.3333,659600.6667,663596.3333,662814.3333,663708.6667,661718.6667,662046.3333,661535.3333,666534.6667,669536.6667,672451.3333,674271.3333,675606.6667,680975.3333,683539,686583.3333,686455.6667,689490.6667,695448.3333,704386.3333,710677.6667,715490,716631.6667,716123.3333,712705.3333,706788.6667,702152.6667,698607.3333,697275.3333,696261.3333,698637.3333,703901.3333,707158,706234.6667,703885.3333,708186.3333,716979,727315,734118,740665.6667,742553,744880.6667,747604.6667,752740.3333,756192.6667,758278
403436,Fairburn Road - Wisteria Lane,Atlanta,GA,Atlanta-Sandy Springs-Roswell,Fulton County,8603,,,,,,,,,,,,,,,,,,,,,,,,,,,,,,,,,,,,,,,,,,,,,,,,,,,,,,,,,,,,,,,,,,,,,,,,,,,,,,,,,,,,,,,,,,,,,,,,,,,,,,,,,,,,,,,,,,,,143092,143768,143125,142022,139592,137375,135806,135492.6667,135980.3333,136443.3333,136141.6667,135217.6667,133993.6667,132362,131127.6667,130489,130850.6667,131354,131152,129937,128152.6667,126635.3333,126213.3333,126827.3333,128168.6667,129542,131192.6667,132695
403455,Fairburn Tell,Atlanta,GA,Atlanta-Sandy Springs-Roswell,Fulton County,8728,,,,,,,,,,,,,,,,,,,,,,,,,,,,,,,,,,,,,,,,,,,136755,136420.5,137342.3333,138173.3333,138960.3333,138350.3333,137451.3333,137202,136351.3333,135494,134814,135937,137978.3333,140390,142048.3333,143043.6667,142472.3333,141714.3333,141488,142593.6667,143704.3333,145491.6667,145757.6667,146861.6667,146762.6667,147799.6667,148008.3333,148484.6667,148774.3333,149736.3333,151423,152535,152026.3333,150769.3333,149884.3333,149965.3333,150545.3333,151149.3333,151343.3333,150079.6667,149731.6667,149729.3333,150908,151469,152656,153376.6667,153521,153214,152390.3333,151768.3333,151522,152947.3333,155008.6667,156707.3333,156958.3333,157503.3333,158917.6667,160082.6667,161431,162111.6667,163894,164248.6667,163950.3333,163593.3333,164476,166659.6667,169573.6667,172342.6667,174591,175564,174704,172862.6667,170420.3333,170191.3333,171663.6667,174173.3333,175632.6667,175804.3333,175386.6667,174935.6667,176067.6667,178570.6667,182810.3333,186756.3333,190427.6667,193133.3333,195558.6667,196903.6667,198499.3333,200895,202853.3333,203218,203316.6667,204257,207315,208460,209982.6667,210076.3333,210368.6667,211329.3333,212599
269322,Fernleaf,Atlanta,GA,Atlanta-Sandy Springs-Roswell,Fulton County,8793,,425916,426437,425446.3333,423752.3333,421832.3333,421109,420882.3333,422967,423912,423634,419273.3333,415692.6667,413262.3333,410282.3333,406869.6667,404066.3333,402759.3333,401312.3333,399195.3333,399555,400955.3333,402782,402724.3333,401468.6667,401073,402641,405612,406557.3333,405345.6667,405065.6667,407297.3333,408180.3333,409896.6667,409282.6667,409943.6667,406723.6667,404412,401900.6667,401260,399866,401985.6667,404467.6667,406563.3333,403591,402512.3333,401956.3333,403877,402743,402335,400965,402075.6667,401486,402281,400749.3333,400198,397950.6667,395013.3333,392183.6667,391258.3333,393594.3333,399028.6667,406051.3333,410324,415092,418184.6667,424015,427900.6667,431596.6667,432299.3333,434273.6667,437757,443865.6667,448587.6667,448928.6667,449702.3333,450807,453214.3333,453801.6667,454104.3333,455202,455675,456961,460287.6667,463857.3333,465539,465585.3333,466799.3333,470800,476643.3333,480307.6667,480723,480018.3333,482230.3333,487927.3333,490736.3333,495312,497765.3333,502895.6667,504895,504371.6667,499930.6667,493253,489450.3333,491022,497766,505512,511349.6667,514820,514851.3333,513724.3333,511968.3333,513113,516910,522221.3333,527726.3333,534629.6667,540648.6667,545555.3333,548667.3333,550760.3333,554573.6667,560314.3333,565249.6667,568910,569012.6667,571892.3333,573220.6667,573776.6667,570814.6667,567427.6667,565862.3333,566244.6667,566371.6667,567521,569507.3333,574187,576220,577425.3333,579287.6667,579355,576237,570435.6667
269303,Colonial Homes,Atlanta,GA,Atlanta-Sandy Springs-Roswell,Fulton County,8810,,,,,,,,,,,,,,,,,,,,,,,,,,,,,,,,,,,,,,,,,,,,,,,,,,,,,,,,,271256,270128.5,270375.6667,272072.6667,275782.3333,278547,279346.6667,279716.6667,280547.3333,283803,287563.3333,291695.3333,293526.6667,294235.3333,294953.6667,296620,298517.3333,299828,300032,300359.3333,299906,299587.6667,298866,298736.6667,299000,299289.6667,300277.6667,301160,302896.3333,304445.3333,306388.6667,308338.6667,311679.3333,313659.3333,313468,313922.3333,317209.3333,324084,327864.3333,328401.6667,327457.3333,328546.6667,331433.6667,334529,335913.3333,335848,333977.3333,332777.6667,329801.6667,328730,328206.3333,330395.3333,333147,336405.6667,339564.3333,340533.3333,340974,340919.6667,343507.3333,345227,349122,349285.6667,350822.6667,351279,350355,349668.6667,348972,349862.3333,349717,351360.3333,352653.3333,352965.6667,351818.6667,352719.3333,353798,353591.6667,352281.6667,350403,349995.3333,350547,353273.6667,354254,356466,357143.6667,357667,356577.6667,355600
403469,Oakland,Atlanta,GA,Atlanta-Sandy Springs-Roswell,Fulton County,8868,,,,,,,,,,,,,,,,,,,,,,,,,,,,,,,,,,,,,183711,184004,184426.3333,184668.6667,184196,184689.6667,186061.6667,187850.6667,187961.6667,187241.6667,186546,186744.6667,185720.3333,186033,185204.3333,185514.6667,185361.3333,185630.3333,184836.3333,183927,182558,182669.6667,182091,182483.6667,183997.3333,185537.3333,187855.3333,189508.6667,190788,192309.3333,194305,197407.6667,200250.6667,202616.3333,204308,204647.3333,205073,205784.3333,207197.6667,209351,211593.6667,213632,215959.6667,218649,221542.6667,223578.3333,225356.6667,228475.3333,231250,233527,235170,237289.6667,239993.3333,242139,241229.6667,239525.6667,238345,239935.3333,242719,244582.3333,246184.6667,247166.3333,247976.3333,249359.6667,250416.6667,250390.3333,249549.3333,249456,249457.3333,248683,246824.6667,246594.3333,247729,250631.3333,252394.3333,252985,253791,256355,260156.3333,261996,263794.6667,266324.6667,268692,270259.6667,270326.3333,271438,274111.3333,277613.6667,281020.6667,283285,285738.6667,288961,293627.3333,298456.6667,303091,305638.3333,309025.6667,309948.3333,310669.3333,309404,310246.3333,309783.3333,311528.6667,311730.6667,313080,311288,311770
403430,English Park,Atlanta,GA,Atlanta-Sandy Springs-Roswell,Fulton County,9140,,,,,,,,,,,,,,,,,,,,,,,,,,,,,,,,,,,,,,,,,,,,,,,,,,,,,,,,,,,,,,,,,,,,,,,,,,,,,,,,,,,,,,,,,,,,,,,,,,91646,91858.5,92095,92180.33333,92132.66667,92088.33333,92615.66667,93973.33333,95563.66667,96957.66667,97362,97810,97745.33333,97695,97301.66667,97000,96211.33333,94965.66667,93910,93976,94689.33333,95769.66667,96411.66667,96468.66667,96268,95807.33333,95102,94955,95757.66667,97753.33333,99673.66667,100269.3333,100155.3333,100201.6667,101421,103082.6667,104969.6667,107208.6667,110083.6667,112658.3333,115024.3333,116814.6667,118173.3333,119058.6667,120136.6667,121278.6667
403457,Niskey Cove,Atlanta,GA,Atlanta-Sandy Springs-Roswell,Fulton County,9174,,237322,236775,236473,234478.3333,232761.3333,231486.3333,230801,230203,228888.6667,227458.3333,226166.6667,225934,228197,228710.3333,227017,222492.6667,218396.6667,214297,212873.6667,213111.6667,215043.6667,215492,215873,214536.3333,212943.3333,211426.3333,212449.3333,214153.3333,213804.3333,212605,211088.3333,210769.6667,210531.3333,210901,211829.3333,212528,212682.3333,212335.6667,210897.6667,209240.6667,208395.6667,209545.6667,209291.3333,207426,205199,204107,203031.6667,200786.6667,198225.3333,196851,196033.6667,196486.3333,197587.6667,198651.6667,199827.6667,201008,203862.6667,206233.3333,208769.3333,210219.3333,211919,214161,217339,222344.6667,227132.3333,231799.6667,234959,236296,235121,232678.6667,231879,233047,235471.6667,235902.3333,237407.6667,238811,242215,243977.3333,246803.3333,249074.6667,251178.6667,250863,249614.6667,248781.3333,248622,249009.3333,248857.3333,249809.6667,251477.3333,254656.3333,258100.6667,260915.6667,263704.3333,266818.3333,269403,272896,276245,282111.3333,286203,287604.6667,286750,284670.6667,283409,282340.3333,284145.6667,287231.3333,289420.6667,288515.6667,285960.3333,285450,285559.3333,285854.3333,286865.3333,288153,290352,290507.6667,289070.6667,289073.3333,290080,293132.3333,294237.3333,294702.3333,295043.6667,296967,298446,300104.3333,299430.3333,300697.3333,300207.6667,300432.6667,299655,300751.6667,302771.6667,303973.6667,305506,308142.6667,309472.3333,309787.3333,308405.6667,308708.3333,309039,310761.3333
